{"id": "XtiYlNM9jRc", "uploader": "Sadhguru", "uploader_id": "sadhguru", "uploader_url": "http://www.youtube.com/user/sadhguru", "upload_date": "20160223", "license": "Standard YouTube License", "creator": null, "title": "Shiva Untold: Yogi, not a Philosopher", "alt_title": null, "thumbnail": "https://i.ytimg.com/vi/XtiYlNM9jRc/maxresdefault.jpg", "description": "Sadhguru on understanding Shiva \u2013 not an intellectual philosopher, but a purely existential yogi.\n\n****************************************\n\nTranscript: http://isha.sadhguru.org/blog/video/shiva-untold-yogi-not-a-philosopher/\n\nSadhguru: Shiva is not a philosopher, he\u2019s a yogi. When I say he is not a philosopher\u2026, see it\u2019s very easy to be philosophical. In fact, the less you know, the more the chances that you will become philosophical. It\u2019s very easy to become a philosopher. You just have to read a couple of books and misunderstand them, you can become a philosopher. (Laughs) The reason why you\u2019re talking about something that is written in a book is because you have not perceived, grasped life in any depth. If you had even read a single page of this vast existence, all your life you would be talking only that. There wouldn\u2019t be time to talk about anything else. So Shiva is a yogi, purely existential, not philosophical, not intellectual. This is not something that you can understand. This is not something that you have to be convinced about. This is not something that you have to agree with. This is something that you learn to relate with. If you can relate to it and experiment with it, it will do miraculous things for you.\n\nRead Full Transcript: http://isha.sadhguru.org/blog/video/shiva-untold-yogi-not-a-philosopher/\n\n****************************************\n\nMore Videos & Blogs on Website\nhttp://www.isha.sadhguru.org\n\nYogi, mystic and visionary, Sadhguru is a spiritual master with a difference. An arresting blend of profundity and pragmatism, his life and work serves as a reminder that yoga is a contemporary science, vitally relevant to our times.\n\nSubscribe to our channel here:\nhttp://isha.co/2ebiGKm\n\nFree Guided Meditation by Sadhguru at\nhttp://www.ishafoundation.org/Ishakriya\n\nFree Yoga Tools For Transformation at\nhttp://isha.sadhguru.org/5-min-practices/\n\nOfficial Facebook Page of Sadhguru\nhttps://www.facebook.com/sadhguru\n\nOfficial Twitter Profile of Sadhguru\nhttps://twitter.com/SadhguruJV\n\nDownload Sadhguru App \ud83d\udcf2\nhttp://onelink.to/sadhguru__app", "categories": ["People & Blogs"], "tags": ["yogi", "philosopher", "Shiva Untold: Yogi", "Sadhguru (Person)", "speeches", "isha yoga", "sadguru jaggi vasudev", "sadguru jaggi", "sadguru videos", "sadguru speeches in english 2016", "Satguru", "Sadguru", "Sadhguru Jaggi Vasudev"], "subtitles": {"en": [{"url": "https://www.youtube.com/api/timedtext?lang=en&v=XtiYlNM9jRc&fmt=ttml&name=", "ext": "ttml"}, {"url": "https://www.youtube.com/api/timedtext?lang=en&v=XtiYlNM9jRc&fmt=vtt&name=", "ext": "vtt"}]}, "automatic_captions": {"af": [{"url": "https://www.youtube.com/api/timedtext?key=yttt1&sparams=caps%2Cv%2Cxorp%2Cexpire&xorp=True&signature=91936AA2959C7B7CB24A93C5A1C40D9CBC6C3EB7.CB2926AC3C952E278A1DD469725FA5B2C96288C5&v=XtiYlNM9jRc&hl=en_US&expire=1515598951&lang=en&tlang=af&fmt=ttml", "ext": "ttml"}, {"url": "https://www.youtube.com/api/timedtext?key=yttt1&sparams=caps%2Cv%2Cxorp%2Cexpire&xorp=True&signature=91936AA2959C7B7CB24A93C5A1C40D9CBC6C3EB7.CB2926AC3C952E278A1DD469725FA5B2C96288C5&v=XtiYlNM9jRc&hl=en_US&expire=1515598951&lang=en&tlang=af&fmt=vtt", "ext": "vtt"}], "sq": [{"url": "https://www.youtube.com/api/timedtext?key=yttt1&sparams=caps%2Cv%2Cxorp%2Cexpire&xorp=True&signature=91936AA2959C7B7CB24A93C5A1C40D9CBC6C3EB7.CB2926AC3C952E278A1DD469725FA5B2C96288C5&v=XtiYlNM9jRc&hl=en_US&expire=1515598951&lang=en&tlang=sq&fmt=ttml", "ext": "ttml"}, {"url": "https://www.youtube.com/api/timedtext?key=yttt1&sparams=caps%2Cv%2Cxorp%2Cexpire&xorp=True&signature=91936AA2959C7B7CB24A93C5A1C40D9CBC6C3EB7.CB2926AC3C952E278A1DD469725FA5B2C96288C5&v=XtiYlNM9jRc&hl=en_US&expire=1515598951&lang=en&tlang=sq&fmt=vtt", "ext": "vtt"}], "am": [{"url": "https://www.youtube.com/api/timedtext?key=yttt1&sparams=caps%2Cv%2Cxorp%2Cexpire&xorp=True&signature=91936AA2959C7B7CB24A93C5A1C40D9CBC6C3EB7.CB2926AC3C952E278A1DD469725FA5B2C96288C5&v=XtiYlNM9jRc&hl=en_US&expire=1515598951&lang=en&tlang=am&fmt=ttml", "ext": "ttml"}, {"url": "https://www.youtube.com/api/timedtext?key=yttt1&sparams=caps%2Cv%2Cxorp%2Cexpire&xorp=True&signature=91936AA2959C7B7CB24A93C5A1C40D9CBC6C3EB7.CB2926AC3C952E278A1DD469725FA5B2C96288C5&v=XtiYlNM9jRc&hl=en_US&expire=1515598951&lang=en&tlang=am&fmt=vtt", "ext": "vtt"}], "ar": [{"url": "https://www.youtube.com/api/timedtext?key=yttt1&sparams=caps%2Cv%2Cxorp%2Cexpire&xorp=True&signature=91936AA2959C7B7CB24A93C5A1C40D9CBC6C3EB7.CB2926AC3C952E278A1DD469725FA5B2C96288C5&v=XtiYlNM9jRc&hl=en_US&expire=1515598951&lang=en&tlang=ar&fmt=ttml", "ext": "ttml"}, {"url": "https://www.youtube.com/api/timedtext?key=yttt1&sparams=caps%2Cv%2Cxorp%2Cexpire&xorp=True&signature=91936AA2959C7B7CB24A93C5A1C40D9CBC6C3EB7.CB2926AC3C952E278A1DD469725FA5B2C96288C5&v=XtiYlNM9jRc&hl=en_US&expire=1515598951&lang=en&tlang=ar&fmt=vtt", "ext": "vtt"}], "hy": [{"url": "https://www.youtube.com/api/timedtext?key=yttt1&sparams=caps%2Cv%2Cxorp%2Cexpire&xorp=True&signature=91936AA2959C7B7CB24A93C5A1C40D9CBC6C3EB7.CB2926AC3C952E278A1DD469725FA5B2C96288C5&v=XtiYlNM9jRc&hl=en_US&expire=1515598951&lang=en&tlang=hy&fmt=ttml", "ext": "ttml"}, {"url": "https://www.youtube.com/api/timedtext?key=yttt1&sparams=caps%2Cv%2Cxorp%2Cexpire&xorp=True&signature=91936AA2959C7B7CB24A93C5A1C40D9CBC6C3EB7.CB2926AC3C952E278A1DD469725FA5B2C96288C5&v=XtiYlNM9jRc&hl=en_US&expire=1515598951&lang=en&tlang=hy&fmt=vtt", "ext": "vtt"}], "az": [{"url": "https://www.youtube.com/api/timedtext?key=yttt1&sparams=caps%2Cv%2Cxorp%2Cexpire&xorp=True&signature=91936AA2959C7B7CB24A93C5A1C40D9CBC6C3EB7.CB2926AC3C952E278A1DD469725FA5B2C96288C5&v=XtiYlNM9jRc&hl=en_US&expire=1515598951&lang=en&tlang=az&fmt=ttml", "ext": "ttml"}, {"url": "https://www.youtube.com/api/timedtext?key=yttt1&sparams=caps%2Cv%2Cxorp%2Cexpire&xorp=True&signature=91936AA2959C7B7CB24A93C5A1C40D9CBC6C3EB7.CB2926AC3C952E278A1DD469725FA5B2C96288C5&v=XtiYlNM9jRc&hl=en_US&expire=1515598951&lang=en&tlang=az&fmt=vtt", "ext": "vtt"}], "bn": [{"url": "https://www.youtube.com/api/timedtext?key=yttt1&sparams=caps%2Cv%2Cxorp%2Cexpire&xorp=True&signature=91936AA2959C7B7CB24A93C5A1C40D9CBC6C3EB7.CB2926AC3C952E278A1DD469725FA5B2C96288C5&v=XtiYlNM9jRc&hl=en_US&expire=1515598951&lang=en&tlang=bn&fmt=ttml", "ext": "ttml"}, {"url": "https://www.youtube.com/api/timedtext?key=yttt1&sparams=caps%2Cv%2Cxorp%2Cexpire&xorp=True&signature=91936AA2959C7B7CB24A93C5A1C40D9CBC6C3EB7.CB2926AC3C952E278A1DD469725FA5B2C96288C5&v=XtiYlNM9jRc&hl=en_US&expire=1515598951&lang=en&tlang=bn&fmt=vtt", "ext": "vtt"}], "eu": [{"url": "https://www.youtube.com/api/timedtext?key=yttt1&sparams=caps%2Cv%2Cxorp%2Cexpire&xorp=True&signature=91936AA2959C7B7CB24A93C5A1C40D9CBC6C3EB7.CB2926AC3C952E278A1DD469725FA5B2C96288C5&v=XtiYlNM9jRc&hl=en_US&expire=1515598951&lang=en&tlang=eu&fmt=ttml", "ext": "ttml"}, {"url": "https://www.youtube.com/api/timedtext?key=yttt1&sparams=caps%2Cv%2Cxorp%2Cexpire&xorp=True&signature=91936AA2959C7B7CB24A93C5A1C40D9CBC6C3EB7.CB2926AC3C952E278A1DD469725FA5B2C96288C5&v=XtiYlNM9jRc&hl=en_US&expire=1515598951&lang=en&tlang=eu&fmt=vtt", "ext": "vtt"}], "be": [{"url": "https://www.youtube.com/api/timedtext?key=yttt1&sparams=caps%2Cv%2Cxorp%2Cexpire&xorp=True&signature=91936AA2959C7B7CB24A93C5A1C40D9CBC6C3EB7.CB2926AC3C952E278A1DD469725FA5B2C96288C5&v=XtiYlNM9jRc&hl=en_US&expire=1515598951&lang=en&tlang=be&fmt=ttml", "ext": "ttml"}, {"url": "https://www.youtube.com/api/timedtext?key=yttt1&sparams=caps%2Cv%2Cxorp%2Cexpire&xorp=True&signature=91936AA2959C7B7CB24A93C5A1C40D9CBC6C3EB7.CB2926AC3C952E278A1DD469725FA5B2C96288C5&v=XtiYlNM9jRc&hl=en_US&expire=1515598951&lang=en&tlang=be&fmt=vtt", "ext": "vtt"}], "bs": [{"url": "https://www.youtube.com/api/timedtext?key=yttt1&sparams=caps%2Cv%2Cxorp%2Cexpire&xorp=True&signature=91936AA2959C7B7CB24A93C5A1C40D9CBC6C3EB7.CB2926AC3C952E278A1DD469725FA5B2C96288C5&v=XtiYlNM9jRc&hl=en_US&expire=1515598951&lang=en&tlang=bs&fmt=ttml", "ext": "ttml"}, {"url": "https://www.youtube.com/api/timedtext?key=yttt1&sparams=caps%2Cv%2Cxorp%2Cexpire&xorp=True&signature=91936AA2959C7B7CB24A93C5A1C40D9CBC6C3EB7.CB2926AC3C952E278A1DD469725FA5B2C96288C5&v=XtiYlNM9jRc&hl=en_US&expire=1515598951&lang=en&tlang=bs&fmt=vtt", "ext": "vtt"}], "bg": [{"url": "https://www.youtube.com/api/timedtext?key=yttt1&sparams=caps%2Cv%2Cxorp%2Cexpire&xorp=True&signature=91936AA2959C7B7CB24A93C5A1C40D9CBC6C3EB7.CB2926AC3C952E278A1DD469725FA5B2C96288C5&v=XtiYlNM9jRc&hl=en_US&expire=1515598951&lang=en&tlang=bg&fmt=ttml", "ext": "ttml"}, {"url": "https://www.youtube.com/api/timedtext?key=yttt1&sparams=caps%2Cv%2Cxorp%2Cexpire&xorp=True&signature=91936AA2959C7B7CB24A93C5A1C40D9CBC6C3EB7.CB2926AC3C952E278A1DD469725FA5B2C96288C5&v=XtiYlNM9jRc&hl=en_US&expire=1515598951&lang=en&tlang=bg&fmt=vtt", "ext": "vtt"}], "my": [{"url": "https://www.youtube.com/api/timedtext?key=yttt1&sparams=caps%2Cv%2Cxorp%2Cexpire&xorp=True&signature=91936AA2959C7B7CB24A93C5A1C40D9CBC6C3EB7.CB2926AC3C952E278A1DD469725FA5B2C96288C5&v=XtiYlNM9jRc&hl=en_US&expire=1515598951&lang=en&tlang=my&fmt=ttml", "ext": "ttml"}, {"url": "https://www.youtube.com/api/timedtext?key=yttt1&sparams=caps%2Cv%2Cxorp%2Cexpire&xorp=True&signature=91936AA2959C7B7CB24A93C5A1C40D9CBC6C3EB7.CB2926AC3C952E278A1DD469725FA5B2C96288C5&v=XtiYlNM9jRc&hl=en_US&expire=1515598951&lang=en&tlang=my&fmt=vtt", "ext": "vtt"}], "ca": [{"url": "https://www.youtube.com/api/timedtext?key=yttt1&sparams=caps%2Cv%2Cxorp%2Cexpire&xorp=True&signature=91936AA2959C7B7CB24A93C5A1C40D9CBC6C3EB7.CB2926AC3C952E278A1DD469725FA5B2C96288C5&v=XtiYlNM9jRc&hl=en_US&expire=1515598951&lang=en&tlang=ca&fmt=ttml", "ext": "ttml"}, {"url": "https://www.youtube.com/api/timedtext?key=yttt1&sparams=caps%2Cv%2Cxorp%2Cexpire&xorp=True&signature=91936AA2959C7B7CB24A93C5A1C40D9CBC6C3EB7.CB2926AC3C952E278A1DD469725FA5B2C96288C5&v=XtiYlNM9jRc&hl=en_US&expire=1515598951&lang=en&tlang=ca&fmt=vtt", "ext": "vtt"}], "ceb": [{"url": "https://www.youtube.com/api/timedtext?key=yttt1&sparams=caps%2Cv%2Cxorp%2Cexpire&xorp=True&signature=91936AA2959C7B7CB24A93C5A1C40D9CBC6C3EB7.CB2926AC3C952E278A1DD469725FA5B2C96288C5&v=XtiYlNM9jRc&hl=en_US&expire=1515598951&lang=en&tlang=ceb&fmt=ttml", "ext": "ttml"}, {"url": "https://www.youtube.com/api/timedtext?key=yttt1&sparams=caps%2Cv%2Cxorp%2Cexpire&xorp=True&signature=91936AA2959C7B7CB24A93C5A1C40D9CBC6C3EB7.CB2926AC3C952E278A1DD469725FA5B2C96288C5&v=XtiYlNM9jRc&hl=en_US&expire=1515598951&lang=en&tlang=ceb&fmt=vtt", "ext": "vtt"}], "zh-Hans": [{"url": "https://www.youtube.com/api/timedtext?key=yttt1&sparams=caps%2Cv%2Cxorp%2Cexpire&xorp=True&signature=91936AA2959C7B7CB24A93C5A1C40D9CBC6C3EB7.CB2926AC3C952E278A1DD469725FA5B2C96288C5&v=XtiYlNM9jRc&hl=en_US&expire=1515598951&lang=en&tlang=zh-Hans&fmt=ttml", "ext": "ttml"}, {"url": "https://www.youtube.com/api/timedtext?key=yttt1&sparams=caps%2Cv%2Cxorp%2Cexpire&xorp=True&signature=91936AA2959C7B7CB24A93C5A1C40D9CBC6C3EB7.CB2926AC3C952E278A1DD469725FA5B2C96288C5&v=XtiYlNM9jRc&hl=en_US&expire=1515598951&lang=en&tlang=zh-Hans&fmt=vtt", "ext": "vtt"}], "zh-Hant": [{"url": "https://www.youtube.com/api/timedtext?key=yttt1&sparams=caps%2Cv%2Cxorp%2Cexpire&xorp=True&signature=91936AA2959C7B7CB24A93C5A1C40D9CBC6C3EB7.CB2926AC3C952E278A1DD469725FA5B2C96288C5&v=XtiYlNM9jRc&hl=en_US&expire=1515598951&lang=en&tlang=zh-Hant&fmt=ttml", "ext": "ttml"}, {"url": "https://www.youtube.com/api/timedtext?key=yttt1&sparams=caps%2Cv%2Cxorp%2Cexpire&xorp=True&signature=91936AA2959C7B7CB24A93C5A1C40D9CBC6C3EB7.CB2926AC3C952E278A1DD469725FA5B2C96288C5&v=XtiYlNM9jRc&hl=en_US&expire=1515598951&lang=en&tlang=zh-Hant&fmt=vtt", "ext": "vtt"}], "co": [{"url": "https://www.youtube.com/api/timedtext?key=yttt1&sparams=caps%2Cv%2Cxorp%2Cexpire&xorp=True&signature=91936AA2959C7B7CB24A93C5A1C40D9CBC6C3EB7.CB2926AC3C952E278A1DD469725FA5B2C96288C5&v=XtiYlNM9jRc&hl=en_US&expire=1515598951&lang=en&tlang=co&fmt=ttml", "ext": "ttml"}, {"url": "https://www.youtube.com/api/timedtext?key=yttt1&sparams=caps%2Cv%2Cxorp%2Cexpire&xorp=True&signature=91936AA2959C7B7CB24A93C5A1C40D9CBC6C3EB7.CB2926AC3C952E278A1DD469725FA5B2C96288C5&v=XtiYlNM9jRc&hl=en_US&expire=1515598951&lang=en&tlang=co&fmt=vtt", "ext": "vtt"}], "hr": [{"url": "https://www.youtube.com/api/timedtext?key=yttt1&sparams=caps%2Cv%2Cxorp%2Cexpire&xorp=True&signature=91936AA2959C7B7CB24A93C5A1C40D9CBC6C3EB7.CB2926AC3C952E278A1DD469725FA5B2C96288C5&v=XtiYlNM9jRc&hl=en_US&expire=1515598951&lang=en&tlang=hr&fmt=ttml", "ext": "ttml"}, {"url": "https://www.youtube.com/api/timedtext?key=yttt1&sparams=caps%2Cv%2Cxorp%2Cexpire&xorp=True&signature=91936AA2959C7B7CB24A93C5A1C40D9CBC6C3EB7.CB2926AC3C952E278A1DD469725FA5B2C96288C5&v=XtiYlNM9jRc&hl=en_US&expire=1515598951&lang=en&tlang=hr&fmt=vtt", "ext": "vtt"}], "cs": [{"url": "https://www.youtube.com/api/timedtext?key=yttt1&sparams=caps%2Cv%2Cxorp%2Cexpire&xorp=True&signature=91936AA2959C7B7CB24A93C5A1C40D9CBC6C3EB7.CB2926AC3C952E278A1DD469725FA5B2C96288C5&v=XtiYlNM9jRc&hl=en_US&expire=1515598951&lang=en&tlang=cs&fmt=ttml", "ext": "ttml"}, {"url": "https://www.youtube.com/api/timedtext?key=yttt1&sparams=caps%2Cv%2Cxorp%2Cexpire&xorp=True&signature=91936AA2959C7B7CB24A93C5A1C40D9CBC6C3EB7.CB2926AC3C952E278A1DD469725FA5B2C96288C5&v=XtiYlNM9jRc&hl=en_US&expire=1515598951&lang=en&tlang=cs&fmt=vtt", "ext": "vtt"}], "da": [{"url": "https://www.youtube.com/api/timedtext?key=yttt1&sparams=caps%2Cv%2Cxorp%2Cexpire&xorp=True&signature=91936AA2959C7B7CB24A93C5A1C40D9CBC6C3EB7.CB2926AC3C952E278A1DD469725FA5B2C96288C5&v=XtiYlNM9jRc&hl=en_US&expire=1515598951&lang=en&tlang=da&fmt=ttml", "ext": "ttml"}, {"url": "https://www.youtube.com/api/timedtext?key=yttt1&sparams=caps%2Cv%2Cxorp%2Cexpire&xorp=True&signature=91936AA2959C7B7CB24A93C5A1C40D9CBC6C3EB7.CB2926AC3C952E278A1DD469725FA5B2C96288C5&v=XtiYlNM9jRc&hl=en_US&expire=1515598951&lang=en&tlang=da&fmt=vtt", "ext": "vtt"}], "nl": [{"url": "https://www.youtube.com/api/timedtext?key=yttt1&sparams=caps%2Cv%2Cxorp%2Cexpire&xorp=True&signature=91936AA2959C7B7CB24A93C5A1C40D9CBC6C3EB7.CB2926AC3C952E278A1DD469725FA5B2C96288C5&v=XtiYlNM9jRc&hl=en_US&expire=1515598951&lang=en&tlang=nl&fmt=ttml", "ext": "ttml"}, {"url": "https://www.youtube.com/api/timedtext?key=yttt1&sparams=caps%2Cv%2Cxorp%2Cexpire&xorp=True&signature=91936AA2959C7B7CB24A93C5A1C40D9CBC6C3EB7.CB2926AC3C952E278A1DD469725FA5B2C96288C5&v=XtiYlNM9jRc&hl=en_US&expire=1515598951&lang=en&tlang=nl&fmt=vtt", "ext": "vtt"}], "en": [{"url": "https://www.youtube.com/api/timedtext?key=yttt1&sparams=caps%2Cv%2Cxorp%2Cexpire&xorp=True&signature=91936AA2959C7B7CB24A93C5A1C40D9CBC6C3EB7.CB2926AC3C952E278A1DD469725FA5B2C96288C5&v=XtiYlNM9jRc&hl=en_US&expire=1515598951&lang=en&tlang=en&fmt=ttml", "ext": "ttml"}, {"url": "https://www.youtube.com/api/timedtext?key=yttt1&sparams=caps%2Cv%2Cxorp%2Cexpire&xorp=True&signature=91936AA2959C7B7CB24A93C5A1C40D9CBC6C3EB7.CB2926AC3C952E278A1DD469725FA5B2C96288C5&v=XtiYlNM9jRc&hl=en_US&expire=1515598951&lang=en&tlang=en&fmt=vtt", "ext": "vtt"}], "eo": [{"url": "https://www.youtube.com/api/timedtext?key=yttt1&sparams=caps%2Cv%2Cxorp%2Cexpire&xorp=True&signature=91936AA2959C7B7CB24A93C5A1C40D9CBC6C3EB7.CB2926AC3C952E278A1DD469725FA5B2C96288C5&v=XtiYlNM9jRc&hl=en_US&expire=1515598951&lang=en&tlang=eo&fmt=ttml", "ext": "ttml"}, {"url": "https://www.youtube.com/api/timedtext?key=yttt1&sparams=caps%2Cv%2Cxorp%2Cexpire&xorp=True&signature=91936AA2959C7B7CB24A93C5A1C40D9CBC6C3EB7.CB2926AC3C952E278A1DD469725FA5B2C96288C5&v=XtiYlNM9jRc&hl=en_US&expire=1515598951&lang=en&tlang=eo&fmt=vtt", "ext": "vtt"}], "et": [{"url": "https://www.youtube.com/api/timedtext?key=yttt1&sparams=caps%2Cv%2Cxorp%2Cexpire&xorp=True&signature=91936AA2959C7B7CB24A93C5A1C40D9CBC6C3EB7.CB2926AC3C952E278A1DD469725FA5B2C96288C5&v=XtiYlNM9jRc&hl=en_US&expire=1515598951&lang=en&tlang=et&fmt=ttml", "ext": "ttml"}, {"url": "https://www.youtube.com/api/timedtext?key=yttt1&sparams=caps%2Cv%2Cxorp%2Cexpire&xorp=True&signature=91936AA2959C7B7CB24A93C5A1C40D9CBC6C3EB7.CB2926AC3C952E278A1DD469725FA5B2C96288C5&v=XtiYlNM9jRc&hl=en_US&expire=1515598951&lang=en&tlang=et&fmt=vtt", "ext": "vtt"}], "fil": [{"url": "https://www.youtube.com/api/timedtext?key=yttt1&sparams=caps%2Cv%2Cxorp%2Cexpire&xorp=True&signature=91936AA2959C7B7CB24A93C5A1C40D9CBC6C3EB7.CB2926AC3C952E278A1DD469725FA5B2C96288C5&v=XtiYlNM9jRc&hl=en_US&expire=1515598951&lang=en&tlang=fil&fmt=ttml", "ext": "ttml"}, {"url": "https://www.youtube.com/api/timedtext?key=yttt1&sparams=caps%2Cv%2Cxorp%2Cexpire&xorp=True&signature=91936AA2959C7B7CB24A93C5A1C40D9CBC6C3EB7.CB2926AC3C952E278A1DD469725FA5B2C96288C5&v=XtiYlNM9jRc&hl=en_US&expire=1515598951&lang=en&tlang=fil&fmt=vtt", "ext": "vtt"}], "fi": [{"url": "https://www.youtube.com/api/timedtext?key=yttt1&sparams=caps%2Cv%2Cxorp%2Cexpire&xorp=True&signature=91936AA2959C7B7CB24A93C5A1C40D9CBC6C3EB7.CB2926AC3C952E278A1DD469725FA5B2C96288C5&v=XtiYlNM9jRc&hl=en_US&expire=1515598951&lang=en&tlang=fi&fmt=ttml", "ext": "ttml"}, {"url": "https://www.youtube.com/api/timedtext?key=yttt1&sparams=caps%2Cv%2Cxorp%2Cexpire&xorp=True&signature=91936AA2959C7B7CB24A93C5A1C40D9CBC6C3EB7.CB2926AC3C952E278A1DD469725FA5B2C96288C5&v=XtiYlNM9jRc&hl=en_US&expire=1515598951&lang=en&tlang=fi&fmt=vtt", "ext": "vtt"}], "fr": [{"url": "https://www.youtube.com/api/timedtext?key=yttt1&sparams=caps%2Cv%2Cxorp%2Cexpire&xorp=True&signature=91936AA2959C7B7CB24A93C5A1C40D9CBC6C3EB7.CB2926AC3C952E278A1DD469725FA5B2C96288C5&v=XtiYlNM9jRc&hl=en_US&expire=1515598951&lang=en&tlang=fr&fmt=ttml", "ext": "ttml"}, {"url": "https://www.youtube.com/api/timedtext?key=yttt1&sparams=caps%2Cv%2Cxorp%2Cexpire&xorp=True&signature=91936AA2959C7B7CB24A93C5A1C40D9CBC6C3EB7.CB2926AC3C952E278A1DD469725FA5B2C96288C5&v=XtiYlNM9jRc&hl=en_US&expire=1515598951&lang=en&tlang=fr&fmt=vtt", "ext": "vtt"}], "gl": [{"url": "https://www.youtube.com/api/timedtext?key=yttt1&sparams=caps%2Cv%2Cxorp%2Cexpire&xorp=True&signature=91936AA2959C7B7CB24A93C5A1C40D9CBC6C3EB7.CB2926AC3C952E278A1DD469725FA5B2C96288C5&v=XtiYlNM9jRc&hl=en_US&expire=1515598951&lang=en&tlang=gl&fmt=ttml", "ext": "ttml"}, {"url": "https://www.youtube.com/api/timedtext?key=yttt1&sparams=caps%2Cv%2Cxorp%2Cexpire&xorp=True&signature=91936AA2959C7B7CB24A93C5A1C40D9CBC6C3EB7.CB2926AC3C952E278A1DD469725FA5B2C96288C5&v=XtiYlNM9jRc&hl=en_US&expire=1515598951&lang=en&tlang=gl&fmt=vtt", "ext": "vtt"}], "ka": [{"url": "https://www.youtube.com/api/timedtext?key=yttt1&sparams=caps%2Cv%2Cxorp%2Cexpire&xorp=True&signature=91936AA2959C7B7CB24A93C5A1C40D9CBC6C3EB7.CB2926AC3C952E278A1DD469725FA5B2C96288C5&v=XtiYlNM9jRc&hl=en_US&expire=1515598951&lang=en&tlang=ka&fmt=ttml", "ext": "ttml"}, {"url": "https://www.youtube.com/api/timedtext?key=yttt1&sparams=caps%2Cv%2Cxorp%2Cexpire&xorp=True&signature=91936AA2959C7B7CB24A93C5A1C40D9CBC6C3EB7.CB2926AC3C952E278A1DD469725FA5B2C96288C5&v=XtiYlNM9jRc&hl=en_US&expire=1515598951&lang=en&tlang=ka&fmt=vtt", "ext": "vtt"}], "de": [{"url": "https://www.youtube.com/api/timedtext?key=yttt1&sparams=caps%2Cv%2Cxorp%2Cexpire&xorp=True&signature=91936AA2959C7B7CB24A93C5A1C40D9CBC6C3EB7.CB2926AC3C952E278A1DD469725FA5B2C96288C5&v=XtiYlNM9jRc&hl=en_US&expire=1515598951&lang=en&tlang=de&fmt=ttml", "ext": "ttml"}, {"url": "https://www.youtube.com/api/timedtext?key=yttt1&sparams=caps%2Cv%2Cxorp%2Cexpire&xorp=True&signature=91936AA2959C7B7CB24A93C5A1C40D9CBC6C3EB7.CB2926AC3C952E278A1DD469725FA5B2C96288C5&v=XtiYlNM9jRc&hl=en_US&expire=1515598951&lang=en&tlang=de&fmt=vtt", "ext": "vtt"}], "el": [{"url": "https://www.youtube.com/api/timedtext?key=yttt1&sparams=caps%2Cv%2Cxorp%2Cexpire&xorp=True&signature=91936AA2959C7B7CB24A93C5A1C40D9CBC6C3EB7.CB2926AC3C952E278A1DD469725FA5B2C96288C5&v=XtiYlNM9jRc&hl=en_US&expire=1515598951&lang=en&tlang=el&fmt=ttml", "ext": "ttml"}, {"url": "https://www.youtube.com/api/timedtext?key=yttt1&sparams=caps%2Cv%2Cxorp%2Cexpire&xorp=True&signature=91936AA2959C7B7CB24A93C5A1C40D9CBC6C3EB7.CB2926AC3C952E278A1DD469725FA5B2C96288C5&v=XtiYlNM9jRc&hl=en_US&expire=1515598951&lang=en&tlang=el&fmt=vtt", "ext": "vtt"}], "gu": [{"url": "https://www.youtube.com/api/timedtext?key=yttt1&sparams=caps%2Cv%2Cxorp%2Cexpire&xorp=True&signature=91936AA2959C7B7CB24A93C5A1C40D9CBC6C3EB7.CB2926AC3C952E278A1DD469725FA5B2C96288C5&v=XtiYlNM9jRc&hl=en_US&expire=1515598951&lang=en&tlang=gu&fmt=ttml", "ext": "ttml"}, {"url": "https://www.youtube.com/api/timedtext?key=yttt1&sparams=caps%2Cv%2Cxorp%2Cexpire&xorp=True&signature=91936AA2959C7B7CB24A93C5A1C40D9CBC6C3EB7.CB2926AC3C952E278A1DD469725FA5B2C96288C5&v=XtiYlNM9jRc&hl=en_US&expire=1515598951&lang=en&tlang=gu&fmt=vtt", "ext": "vtt"}], "ht": [{"url": "https://www.youtube.com/api/timedtext?key=yttt1&sparams=caps%2Cv%2Cxorp%2Cexpire&xorp=True&signature=91936AA2959C7B7CB24A93C5A1C40D9CBC6C3EB7.CB2926AC3C952E278A1DD469725FA5B2C96288C5&v=XtiYlNM9jRc&hl=en_US&expire=1515598951&lang=en&tlang=ht&fmt=ttml", "ext": "ttml"}, {"url": "https://www.youtube.com/api/timedtext?key=yttt1&sparams=caps%2Cv%2Cxorp%2Cexpire&xorp=True&signature=91936AA2959C7B7CB24A93C5A1C40D9CBC6C3EB7.CB2926AC3C952E278A1DD469725FA5B2C96288C5&v=XtiYlNM9jRc&hl=en_US&expire=1515598951&lang=en&tlang=ht&fmt=vtt", "ext": "vtt"}], "ha": [{"url": "https://www.youtube.com/api/timedtext?key=yttt1&sparams=caps%2Cv%2Cxorp%2Cexpire&xorp=True&signature=91936AA2959C7B7CB24A93C5A1C40D9CBC6C3EB7.CB2926AC3C952E278A1DD469725FA5B2C96288C5&v=XtiYlNM9jRc&hl=en_US&expire=1515598951&lang=en&tlang=ha&fmt=ttml", "ext": "ttml"}, {"url": "https://www.youtube.com/api/timedtext?key=yttt1&sparams=caps%2Cv%2Cxorp%2Cexpire&xorp=True&signature=91936AA2959C7B7CB24A93C5A1C40D9CBC6C3EB7.CB2926AC3C952E278A1DD469725FA5B2C96288C5&v=XtiYlNM9jRc&hl=en_US&expire=1515598951&lang=en&tlang=ha&fmt=vtt", "ext": "vtt"}], "haw": [{"url": "https://www.youtube.com/api/timedtext?key=yttt1&sparams=caps%2Cv%2Cxorp%2Cexpire&xorp=True&signature=91936AA2959C7B7CB24A93C5A1C40D9CBC6C3EB7.CB2926AC3C952E278A1DD469725FA5B2C96288C5&v=XtiYlNM9jRc&hl=en_US&expire=1515598951&lang=en&tlang=haw&fmt=ttml", "ext": "ttml"}, {"url": "https://www.youtube.com/api/timedtext?key=yttt1&sparams=caps%2Cv%2Cxorp%2Cexpire&xorp=True&signature=91936AA2959C7B7CB24A93C5A1C40D9CBC6C3EB7.CB2926AC3C952E278A1DD469725FA5B2C96288C5&v=XtiYlNM9jRc&hl=en_US&expire=1515598951&lang=en&tlang=haw&fmt=vtt", "ext": "vtt"}], "iw": [{"url": "https://www.youtube.com/api/timedtext?key=yttt1&sparams=caps%2Cv%2Cxorp%2Cexpire&xorp=True&signature=91936AA2959C7B7CB24A93C5A1C40D9CBC6C3EB7.CB2926AC3C952E278A1DD469725FA5B2C96288C5&v=XtiYlNM9jRc&hl=en_US&expire=1515598951&lang=en&tlang=iw&fmt=ttml", "ext": "ttml"}, {"url": "https://www.youtube.com/api/timedtext?key=yttt1&sparams=caps%2Cv%2Cxorp%2Cexpire&xorp=True&signature=91936AA2959C7B7CB24A93C5A1C40D9CBC6C3EB7.CB2926AC3C952E278A1DD469725FA5B2C96288C5&v=XtiYlNM9jRc&hl=en_US&expire=1515598951&lang=en&tlang=iw&fmt=vtt", "ext": "vtt"}], "hi": [{"url": "https://www.youtube.com/api/timedtext?key=yttt1&sparams=caps%2Cv%2Cxorp%2Cexpire&xorp=True&signature=91936AA2959C7B7CB24A93C5A1C40D9CBC6C3EB7.CB2926AC3C952E278A1DD469725FA5B2C96288C5&v=XtiYlNM9jRc&hl=en_US&expire=1515598951&lang=en&tlang=hi&fmt=ttml", "ext": "ttml"}, {"url": "https://www.youtube.com/api/timedtext?key=yttt1&sparams=caps%2Cv%2Cxorp%2Cexpire&xorp=True&signature=91936AA2959C7B7CB24A93C5A1C40D9CBC6C3EB7.CB2926AC3C952E278A1DD469725FA5B2C96288C5&v=XtiYlNM9jRc&hl=en_US&expire=1515598951&lang=en&tlang=hi&fmt=vtt", "ext": "vtt"}], "hmn": [{"url": "https://www.youtube.com/api/timedtext?key=yttt1&sparams=caps%2Cv%2Cxorp%2Cexpire&xorp=True&signature=91936AA2959C7B7CB24A93C5A1C40D9CBC6C3EB7.CB2926AC3C952E278A1DD469725FA5B2C96288C5&v=XtiYlNM9jRc&hl=en_US&expire=1515598951&lang=en&tlang=hmn&fmt=ttml", "ext": "ttml"}, {"url": "https://www.youtube.com/api/timedtext?key=yttt1&sparams=caps%2Cv%2Cxorp%2Cexpire&xorp=True&signature=91936AA2959C7B7CB24A93C5A1C40D9CBC6C3EB7.CB2926AC3C952E278A1DD469725FA5B2C96288C5&v=XtiYlNM9jRc&hl=en_US&expire=1515598951&lang=en&tlang=hmn&fmt=vtt", "ext": "vtt"}], "hu": [{"url": "https://www.youtube.com/api/timedtext?key=yttt1&sparams=caps%2Cv%2Cxorp%2Cexpire&xorp=True&signature=91936AA2959C7B7CB24A93C5A1C40D9CBC6C3EB7.CB2926AC3C952E278A1DD469725FA5B2C96288C5&v=XtiYlNM9jRc&hl=en_US&expire=1515598951&lang=en&tlang=hu&fmt=ttml", "ext": "ttml"}, {"url": "https://www.youtube.com/api/timedtext?key=yttt1&sparams=caps%2Cv%2Cxorp%2Cexpire&xorp=True&signature=91936AA2959C7B7CB24A93C5A1C40D9CBC6C3EB7.CB2926AC3C952E278A1DD469725FA5B2C96288C5&v=XtiYlNM9jRc&hl=en_US&expire=1515598951&lang=en&tlang=hu&fmt=vtt", "ext": "vtt"}], "is": [{"url": "https://www.youtube.com/api/timedtext?key=yttt1&sparams=caps%2Cv%2Cxorp%2Cexpire&xorp=True&signature=91936AA2959C7B7CB24A93C5A1C40D9CBC6C3EB7.CB2926AC3C952E278A1DD469725FA5B2C96288C5&v=XtiYlNM9jRc&hl=en_US&expire=1515598951&lang=en&tlang=is&fmt=ttml", "ext": "ttml"}, {"url": "https://www.youtube.com/api/timedtext?key=yttt1&sparams=caps%2Cv%2Cxorp%2Cexpire&xorp=True&signature=91936AA2959C7B7CB24A93C5A1C40D9CBC6C3EB7.CB2926AC3C952E278A1DD469725FA5B2C96288C5&v=XtiYlNM9jRc&hl=en_US&expire=1515598951&lang=en&tlang=is&fmt=vtt", "ext": "vtt"}], "ig": [{"url": "https://www.youtube.com/api/timedtext?key=yttt1&sparams=caps%2Cv%2Cxorp%2Cexpire&xorp=True&signature=91936AA2959C7B7CB24A93C5A1C40D9CBC6C3EB7.CB2926AC3C952E278A1DD469725FA5B2C96288C5&v=XtiYlNM9jRc&hl=en_US&expire=1515598951&lang=en&tlang=ig&fmt=ttml", "ext": "ttml"}, {"url": "https://www.youtube.com/api/timedtext?key=yttt1&sparams=caps%2Cv%2Cxorp%2Cexpire&xorp=True&signature=91936AA2959C7B7CB24A93C5A1C40D9CBC6C3EB7.CB2926AC3C952E278A1DD469725FA5B2C96288C5&v=XtiYlNM9jRc&hl=en_US&expire=1515598951&lang=en&tlang=ig&fmt=vtt", "ext": "vtt"}], "id": [{"url": "https://www.youtube.com/api/timedtext?key=yttt1&sparams=caps%2Cv%2Cxorp%2Cexpire&xorp=True&signature=91936AA2959C7B7CB24A93C5A1C40D9CBC6C3EB7.CB2926AC3C952E278A1DD469725FA5B2C96288C5&v=XtiYlNM9jRc&hl=en_US&expire=1515598951&lang=en&tlang=id&fmt=ttml", "ext": "ttml"}, {"url": "https://www.youtube.com/api/timedtext?key=yttt1&sparams=caps%2Cv%2Cxorp%2Cexpire&xorp=True&signature=91936AA2959C7B7CB24A93C5A1C40D9CBC6C3EB7.CB2926AC3C952E278A1DD469725FA5B2C96288C5&v=XtiYlNM9jRc&hl=en_US&expire=1515598951&lang=en&tlang=id&fmt=vtt", "ext": "vtt"}], "ga": [{"url": "https://www.youtube.com/api/timedtext?key=yttt1&sparams=caps%2Cv%2Cxorp%2Cexpire&xorp=True&signature=91936AA2959C7B7CB24A93C5A1C40D9CBC6C3EB7.CB2926AC3C952E278A1DD469725FA5B2C96288C5&v=XtiYlNM9jRc&hl=en_US&expire=1515598951&lang=en&tlang=ga&fmt=ttml", "ext": "ttml"}, {"url": "https://www.youtube.com/api/timedtext?key=yttt1&sparams=caps%2Cv%2Cxorp%2Cexpire&xorp=True&signature=91936AA2959C7B7CB24A93C5A1C40D9CBC6C3EB7.CB2926AC3C952E278A1DD469725FA5B2C96288C5&v=XtiYlNM9jRc&hl=en_US&expire=1515598951&lang=en&tlang=ga&fmt=vtt", "ext": "vtt"}], "it": [{"url": "https://www.youtube.com/api/timedtext?key=yttt1&sparams=caps%2Cv%2Cxorp%2Cexpire&xorp=True&signature=91936AA2959C7B7CB24A93C5A1C40D9CBC6C3EB7.CB2926AC3C952E278A1DD469725FA5B2C96288C5&v=XtiYlNM9jRc&hl=en_US&expire=1515598951&lang=en&tlang=it&fmt=ttml", "ext": "ttml"}, {"url": "https://www.youtube.com/api/timedtext?key=yttt1&sparams=caps%2Cv%2Cxorp%2Cexpire&xorp=True&signature=91936AA2959C7B7CB24A93C5A1C40D9CBC6C3EB7.CB2926AC3C952E278A1DD469725FA5B2C96288C5&v=XtiYlNM9jRc&hl=en_US&expire=1515598951&lang=en&tlang=it&fmt=vtt", "ext": "vtt"}], "ja": [{"url": "https://www.youtube.com/api/timedtext?key=yttt1&sparams=caps%2Cv%2Cxorp%2Cexpire&xorp=True&signature=91936AA2959C7B7CB24A93C5A1C40D9CBC6C3EB7.CB2926AC3C952E278A1DD469725FA5B2C96288C5&v=XtiYlNM9jRc&hl=en_US&expire=1515598951&lang=en&tlang=ja&fmt=ttml", "ext": "ttml"}, {"url": "https://www.youtube.com/api/timedtext?key=yttt1&sparams=caps%2Cv%2Cxorp%2Cexpire&xorp=True&signature=91936AA2959C7B7CB24A93C5A1C40D9CBC6C3EB7.CB2926AC3C952E278A1DD469725FA5B2C96288C5&v=XtiYlNM9jRc&hl=en_US&expire=1515598951&lang=en&tlang=ja&fmt=vtt", "ext": "vtt"}], "jv": [{"url": "https://www.youtube.com/api/timedtext?key=yttt1&sparams=caps%2Cv%2Cxorp%2Cexpire&xorp=True&signature=91936AA2959C7B7CB24A93C5A1C40D9CBC6C3EB7.CB2926AC3C952E278A1DD469725FA5B2C96288C5&v=XtiYlNM9jRc&hl=en_US&expire=1515598951&lang=en&tlang=jv&fmt=ttml", "ext": "ttml"}, {"url": "https://www.youtube.com/api/timedtext?key=yttt1&sparams=caps%2Cv%2Cxorp%2Cexpire&xorp=True&signature=91936AA2959C7B7CB24A93C5A1C40D9CBC6C3EB7.CB2926AC3C952E278A1DD469725FA5B2C96288C5&v=XtiYlNM9jRc&hl=en_US&expire=1515598951&lang=en&tlang=jv&fmt=vtt", "ext": "vtt"}], "kn": [{"url": "https://www.youtube.com/api/timedtext?key=yttt1&sparams=caps%2Cv%2Cxorp%2Cexpire&xorp=True&signature=91936AA2959C7B7CB24A93C5A1C40D9CBC6C3EB7.CB2926AC3C952E278A1DD469725FA5B2C96288C5&v=XtiYlNM9jRc&hl=en_US&expire=1515598951&lang=en&tlang=kn&fmt=ttml", "ext": "ttml"}, {"url": "https://www.youtube.com/api/timedtext?key=yttt1&sparams=caps%2Cv%2Cxorp%2Cexpire&xorp=True&signature=91936AA2959C7B7CB24A93C5A1C40D9CBC6C3EB7.CB2926AC3C952E278A1DD469725FA5B2C96288C5&v=XtiYlNM9jRc&hl=en_US&expire=1515598951&lang=en&tlang=kn&fmt=vtt", "ext": "vtt"}], "kk": [{"url": "https://www.youtube.com/api/timedtext?key=yttt1&sparams=caps%2Cv%2Cxorp%2Cexpire&xorp=True&signature=91936AA2959C7B7CB24A93C5A1C40D9CBC6C3EB7.CB2926AC3C952E278A1DD469725FA5B2C96288C5&v=XtiYlNM9jRc&hl=en_US&expire=1515598951&lang=en&tlang=kk&fmt=ttml", "ext": "ttml"}, {"url": "https://www.youtube.com/api/timedtext?key=yttt1&sparams=caps%2Cv%2Cxorp%2Cexpire&xorp=True&signature=91936AA2959C7B7CB24A93C5A1C40D9CBC6C3EB7.CB2926AC3C952E278A1DD469725FA5B2C96288C5&v=XtiYlNM9jRc&hl=en_US&expire=1515598951&lang=en&tlang=kk&fmt=vtt", "ext": "vtt"}], "km": [{"url": "https://www.youtube.com/api/timedtext?key=yttt1&sparams=caps%2Cv%2Cxorp%2Cexpire&xorp=True&signature=91936AA2959C7B7CB24A93C5A1C40D9CBC6C3EB7.CB2926AC3C952E278A1DD469725FA5B2C96288C5&v=XtiYlNM9jRc&hl=en_US&expire=1515598951&lang=en&tlang=km&fmt=ttml", "ext": "ttml"}, {"url": "https://www.youtube.com/api/timedtext?key=yttt1&sparams=caps%2Cv%2Cxorp%2Cexpire&xorp=True&signature=91936AA2959C7B7CB24A93C5A1C40D9CBC6C3EB7.CB2926AC3C952E278A1DD469725FA5B2C96288C5&v=XtiYlNM9jRc&hl=en_US&expire=1515598951&lang=en&tlang=km&fmt=vtt", "ext": "vtt"}], "ko": [{"url": "https://www.youtube.com/api/timedtext?key=yttt1&sparams=caps%2Cv%2Cxorp%2Cexpire&xorp=True&signature=91936AA2959C7B7CB24A93C5A1C40D9CBC6C3EB7.CB2926AC3C952E278A1DD469725FA5B2C96288C5&v=XtiYlNM9jRc&hl=en_US&expire=1515598951&lang=en&tlang=ko&fmt=ttml", "ext": "ttml"}, {"url": "https://www.youtube.com/api/timedtext?key=yttt1&sparams=caps%2Cv%2Cxorp%2Cexpire&xorp=True&signature=91936AA2959C7B7CB24A93C5A1C40D9CBC6C3EB7.CB2926AC3C952E278A1DD469725FA5B2C96288C5&v=XtiYlNM9jRc&hl=en_US&expire=1515598951&lang=en&tlang=ko&fmt=vtt", "ext": "vtt"}], "ku": [{"url": "https://www.youtube.com/api/timedtext?key=yttt1&sparams=caps%2Cv%2Cxorp%2Cexpire&xorp=True&signature=91936AA2959C7B7CB24A93C5A1C40D9CBC6C3EB7.CB2926AC3C952E278A1DD469725FA5B2C96288C5&v=XtiYlNM9jRc&hl=en_US&expire=1515598951&lang=en&tlang=ku&fmt=ttml", "ext": "ttml"}, {"url": "https://www.youtube.com/api/timedtext?key=yttt1&sparams=caps%2Cv%2Cxorp%2Cexpire&xorp=True&signature=91936AA2959C7B7CB24A93C5A1C40D9CBC6C3EB7.CB2926AC3C952E278A1DD469725FA5B2C96288C5&v=XtiYlNM9jRc&hl=en_US&expire=1515598951&lang=en&tlang=ku&fmt=vtt", "ext": "vtt"}], "ky": [{"url": "https://www.youtube.com/api/timedtext?key=yttt1&sparams=caps%2Cv%2Cxorp%2Cexpire&xorp=True&signature=91936AA2959C7B7CB24A93C5A1C40D9CBC6C3EB7.CB2926AC3C952E278A1DD469725FA5B2C96288C5&v=XtiYlNM9jRc&hl=en_US&expire=1515598951&lang=en&tlang=ky&fmt=ttml", "ext": "ttml"}, {"url": "https://www.youtube.com/api/timedtext?key=yttt1&sparams=caps%2Cv%2Cxorp%2Cexpire&xorp=True&signature=91936AA2959C7B7CB24A93C5A1C40D9CBC6C3EB7.CB2926AC3C952E278A1DD469725FA5B2C96288C5&v=XtiYlNM9jRc&hl=en_US&expire=1515598951&lang=en&tlang=ky&fmt=vtt", "ext": "vtt"}], "lo": [{"url": "https://www.youtube.com/api/timedtext?key=yttt1&sparams=caps%2Cv%2Cxorp%2Cexpire&xorp=True&signature=91936AA2959C7B7CB24A93C5A1C40D9CBC6C3EB7.CB2926AC3C952E278A1DD469725FA5B2C96288C5&v=XtiYlNM9jRc&hl=en_US&expire=1515598951&lang=en&tlang=lo&fmt=ttml", "ext": "ttml"}, {"url": "https://www.youtube.com/api/timedtext?key=yttt1&sparams=caps%2Cv%2Cxorp%2Cexpire&xorp=True&signature=91936AA2959C7B7CB24A93C5A1C40D9CBC6C3EB7.CB2926AC3C952E278A1DD469725FA5B2C96288C5&v=XtiYlNM9jRc&hl=en_US&expire=1515598951&lang=en&tlang=lo&fmt=vtt", "ext": "vtt"}], "la": [{"url": "https://www.youtube.com/api/timedtext?key=yttt1&sparams=caps%2Cv%2Cxorp%2Cexpire&xorp=True&signature=91936AA2959C7B7CB24A93C5A1C40D9CBC6C3EB7.CB2926AC3C952E278A1DD469725FA5B2C96288C5&v=XtiYlNM9jRc&hl=en_US&expire=1515598951&lang=en&tlang=la&fmt=ttml", "ext": "ttml"}, {"url": "https://www.youtube.com/api/timedtext?key=yttt1&sparams=caps%2Cv%2Cxorp%2Cexpire&xorp=True&signature=91936AA2959C7B7CB24A93C5A1C40D9CBC6C3EB7.CB2926AC3C952E278A1DD469725FA5B2C96288C5&v=XtiYlNM9jRc&hl=en_US&expire=1515598951&lang=en&tlang=la&fmt=vtt", "ext": "vtt"}], "lv": [{"url": "https://www.youtube.com/api/timedtext?key=yttt1&sparams=caps%2Cv%2Cxorp%2Cexpire&xorp=True&signature=91936AA2959C7B7CB24A93C5A1C40D9CBC6C3EB7.CB2926AC3C952E278A1DD469725FA5B2C96288C5&v=XtiYlNM9jRc&hl=en_US&expire=1515598951&lang=en&tlang=lv&fmt=ttml", "ext": "ttml"}, {"url": "https://www.youtube.com/api/timedtext?key=yttt1&sparams=caps%2Cv%2Cxorp%2Cexpire&xorp=True&signature=91936AA2959C7B7CB24A93C5A1C40D9CBC6C3EB7.CB2926AC3C952E278A1DD469725FA5B2C96288C5&v=XtiYlNM9jRc&hl=en_US&expire=1515598951&lang=en&tlang=lv&fmt=vtt", "ext": "vtt"}], "lt": [{"url": "https://www.youtube.com/api/timedtext?key=yttt1&sparams=caps%2Cv%2Cxorp%2Cexpire&xorp=True&signature=91936AA2959C7B7CB24A93C5A1C40D9CBC6C3EB7.CB2926AC3C952E278A1DD469725FA5B2C96288C5&v=XtiYlNM9jRc&hl=en_US&expire=1515598951&lang=en&tlang=lt&fmt=ttml", "ext": "ttml"}, {"url": "https://www.youtube.com/api/timedtext?key=yttt1&sparams=caps%2Cv%2Cxorp%2Cexpire&xorp=True&signature=91936AA2959C7B7CB24A93C5A1C40D9CBC6C3EB7.CB2926AC3C952E278A1DD469725FA5B2C96288C5&v=XtiYlNM9jRc&hl=en_US&expire=1515598951&lang=en&tlang=lt&fmt=vtt", "ext": "vtt"}], "lb": [{"url": "https://www.youtube.com/api/timedtext?key=yttt1&sparams=caps%2Cv%2Cxorp%2Cexpire&xorp=True&signature=91936AA2959C7B7CB24A93C5A1C40D9CBC6C3EB7.CB2926AC3C952E278A1DD469725FA5B2C96288C5&v=XtiYlNM9jRc&hl=en_US&expire=1515598951&lang=en&tlang=lb&fmt=ttml", "ext": "ttml"}, {"url": "https://www.youtube.com/api/timedtext?key=yttt1&sparams=caps%2Cv%2Cxorp%2Cexpire&xorp=True&signature=91936AA2959C7B7CB24A93C5A1C40D9CBC6C3EB7.CB2926AC3C952E278A1DD469725FA5B2C96288C5&v=XtiYlNM9jRc&hl=en_US&expire=1515598951&lang=en&tlang=lb&fmt=vtt", "ext": "vtt"}], "mk": [{"url": "https://www.youtube.com/api/timedtext?key=yttt1&sparams=caps%2Cv%2Cxorp%2Cexpire&xorp=True&signature=91936AA2959C7B7CB24A93C5A1C40D9CBC6C3EB7.CB2926AC3C952E278A1DD469725FA5B2C96288C5&v=XtiYlNM9jRc&hl=en_US&expire=1515598951&lang=en&tlang=mk&fmt=ttml", "ext": "ttml"}, {"url": "https://www.youtube.com/api/timedtext?key=yttt1&sparams=caps%2Cv%2Cxorp%2Cexpire&xorp=True&signature=91936AA2959C7B7CB24A93C5A1C40D9CBC6C3EB7.CB2926AC3C952E278A1DD469725FA5B2C96288C5&v=XtiYlNM9jRc&hl=en_US&expire=1515598951&lang=en&tlang=mk&fmt=vtt", "ext": "vtt"}], "mg": [{"url": "https://www.youtube.com/api/timedtext?key=yttt1&sparams=caps%2Cv%2Cxorp%2Cexpire&xorp=True&signature=91936AA2959C7B7CB24A93C5A1C40D9CBC6C3EB7.CB2926AC3C952E278A1DD469725FA5B2C96288C5&v=XtiYlNM9jRc&hl=en_US&expire=1515598951&lang=en&tlang=mg&fmt=ttml", "ext": "ttml"}, {"url": "https://www.youtube.com/api/timedtext?key=yttt1&sparams=caps%2Cv%2Cxorp%2Cexpire&xorp=True&signature=91936AA2959C7B7CB24A93C5A1C40D9CBC6C3EB7.CB2926AC3C952E278A1DD469725FA5B2C96288C5&v=XtiYlNM9jRc&hl=en_US&expire=1515598951&lang=en&tlang=mg&fmt=vtt", "ext": "vtt"}], "ms": [{"url": "https://www.youtube.com/api/timedtext?key=yttt1&sparams=caps%2Cv%2Cxorp%2Cexpire&xorp=True&signature=91936AA2959C7B7CB24A93C5A1C40D9CBC6C3EB7.CB2926AC3C952E278A1DD469725FA5B2C96288C5&v=XtiYlNM9jRc&hl=en_US&expire=1515598951&lang=en&tlang=ms&fmt=ttml", "ext": "ttml"}, {"url": "https://www.youtube.com/api/timedtext?key=yttt1&sparams=caps%2Cv%2Cxorp%2Cexpire&xorp=True&signature=91936AA2959C7B7CB24A93C5A1C40D9CBC6C3EB7.CB2926AC3C952E278A1DD469725FA5B2C96288C5&v=XtiYlNM9jRc&hl=en_US&expire=1515598951&lang=en&tlang=ms&fmt=vtt", "ext": "vtt"}], "ml": [{"url": "https://www.youtube.com/api/timedtext?key=yttt1&sparams=caps%2Cv%2Cxorp%2Cexpire&xorp=True&signature=91936AA2959C7B7CB24A93C5A1C40D9CBC6C3EB7.CB2926AC3C952E278A1DD469725FA5B2C96288C5&v=XtiYlNM9jRc&hl=en_US&expire=1515598951&lang=en&tlang=ml&fmt=ttml", "ext": "ttml"}, {"url": "https://www.youtube.com/api/timedtext?key=yttt1&sparams=caps%2Cv%2Cxorp%2Cexpire&xorp=True&signature=91936AA2959C7B7CB24A93C5A1C40D9CBC6C3EB7.CB2926AC3C952E278A1DD469725FA5B2C96288C5&v=XtiYlNM9jRc&hl=en_US&expire=1515598951&lang=en&tlang=ml&fmt=vtt", "ext": "vtt"}], "mt": [{"url": "https://www.youtube.com/api/timedtext?key=yttt1&sparams=caps%2Cv%2Cxorp%2Cexpire&xorp=True&signature=91936AA2959C7B7CB24A93C5A1C40D9CBC6C3EB7.CB2926AC3C952E278A1DD469725FA5B2C96288C5&v=XtiYlNM9jRc&hl=en_US&expire=1515598951&lang=en&tlang=mt&fmt=ttml", "ext": "ttml"}, {"url": "https://www.youtube.com/api/timedtext?key=yttt1&sparams=caps%2Cv%2Cxorp%2Cexpire&xorp=True&signature=91936AA2959C7B7CB24A93C5A1C40D9CBC6C3EB7.CB2926AC3C952E278A1DD469725FA5B2C96288C5&v=XtiYlNM9jRc&hl=en_US&expire=1515598951&lang=en&tlang=mt&fmt=vtt", "ext": "vtt"}], "mi": [{"url": "https://www.youtube.com/api/timedtext?key=yttt1&sparams=caps%2Cv%2Cxorp%2Cexpire&xorp=True&signature=91936AA2959C7B7CB24A93C5A1C40D9CBC6C3EB7.CB2926AC3C952E278A1DD469725FA5B2C96288C5&v=XtiYlNM9jRc&hl=en_US&expire=1515598951&lang=en&tlang=mi&fmt=ttml", "ext": "ttml"}, {"url": "https://www.youtube.com/api/timedtext?key=yttt1&sparams=caps%2Cv%2Cxorp%2Cexpire&xorp=True&signature=91936AA2959C7B7CB24A93C5A1C40D9CBC6C3EB7.CB2926AC3C952E278A1DD469725FA5B2C96288C5&v=XtiYlNM9jRc&hl=en_US&expire=1515598951&lang=en&tlang=mi&fmt=vtt", "ext": "vtt"}], "mr": [{"url": "https://www.youtube.com/api/timedtext?key=yttt1&sparams=caps%2Cv%2Cxorp%2Cexpire&xorp=True&signature=91936AA2959C7B7CB24A93C5A1C40D9CBC6C3EB7.CB2926AC3C952E278A1DD469725FA5B2C96288C5&v=XtiYlNM9jRc&hl=en_US&expire=1515598951&lang=en&tlang=mr&fmt=ttml", "ext": "ttml"}, {"url": "https://www.youtube.com/api/timedtext?key=yttt1&sparams=caps%2Cv%2Cxorp%2Cexpire&xorp=True&signature=91936AA2959C7B7CB24A93C5A1C40D9CBC6C3EB7.CB2926AC3C952E278A1DD469725FA5B2C96288C5&v=XtiYlNM9jRc&hl=en_US&expire=1515598951&lang=en&tlang=mr&fmt=vtt", "ext": "vtt"}], "mn": [{"url": "https://www.youtube.com/api/timedtext?key=yttt1&sparams=caps%2Cv%2Cxorp%2Cexpire&xorp=True&signature=91936AA2959C7B7CB24A93C5A1C40D9CBC6C3EB7.CB2926AC3C952E278A1DD469725FA5B2C96288C5&v=XtiYlNM9jRc&hl=en_US&expire=1515598951&lang=en&tlang=mn&fmt=ttml", "ext": "ttml"}, {"url": "https://www.youtube.com/api/timedtext?key=yttt1&sparams=caps%2Cv%2Cxorp%2Cexpire&xorp=True&signature=91936AA2959C7B7CB24A93C5A1C40D9CBC6C3EB7.CB2926AC3C952E278A1DD469725FA5B2C96288C5&v=XtiYlNM9jRc&hl=en_US&expire=1515598951&lang=en&tlang=mn&fmt=vtt", "ext": "vtt"}], "ne": [{"url": "https://www.youtube.com/api/timedtext?key=yttt1&sparams=caps%2Cv%2Cxorp%2Cexpire&xorp=True&signature=91936AA2959C7B7CB24A93C5A1C40D9CBC6C3EB7.CB2926AC3C952E278A1DD469725FA5B2C96288C5&v=XtiYlNM9jRc&hl=en_US&expire=1515598951&lang=en&tlang=ne&fmt=ttml", "ext": "ttml"}, {"url": "https://www.youtube.com/api/timedtext?key=yttt1&sparams=caps%2Cv%2Cxorp%2Cexpire&xorp=True&signature=91936AA2959C7B7CB24A93C5A1C40D9CBC6C3EB7.CB2926AC3C952E278A1DD469725FA5B2C96288C5&v=XtiYlNM9jRc&hl=en_US&expire=1515598951&lang=en&tlang=ne&fmt=vtt", "ext": "vtt"}], "no": [{"url": "https://www.youtube.com/api/timedtext?key=yttt1&sparams=caps%2Cv%2Cxorp%2Cexpire&xorp=True&signature=91936AA2959C7B7CB24A93C5A1C40D9CBC6C3EB7.CB2926AC3C952E278A1DD469725FA5B2C96288C5&v=XtiYlNM9jRc&hl=en_US&expire=1515598951&lang=en&tlang=no&fmt=ttml", "ext": "ttml"}, {"url": "https://www.youtube.com/api/timedtext?key=yttt1&sparams=caps%2Cv%2Cxorp%2Cexpire&xorp=True&signature=91936AA2959C7B7CB24A93C5A1C40D9CBC6C3EB7.CB2926AC3C952E278A1DD469725FA5B2C96288C5&v=XtiYlNM9jRc&hl=en_US&expire=1515598951&lang=en&tlang=no&fmt=vtt", "ext": "vtt"}], "ny": [{"url": "https://www.youtube.com/api/timedtext?key=yttt1&sparams=caps%2Cv%2Cxorp%2Cexpire&xorp=True&signature=91936AA2959C7B7CB24A93C5A1C40D9CBC6C3EB7.CB2926AC3C952E278A1DD469725FA5B2C96288C5&v=XtiYlNM9jRc&hl=en_US&expire=1515598951&lang=en&tlang=ny&fmt=ttml", "ext": "ttml"}, {"url": "https://www.youtube.com/api/timedtext?key=yttt1&sparams=caps%2Cv%2Cxorp%2Cexpire&xorp=True&signature=91936AA2959C7B7CB24A93C5A1C40D9CBC6C3EB7.CB2926AC3C952E278A1DD469725FA5B2C96288C5&v=XtiYlNM9jRc&hl=en_US&expire=1515598951&lang=en&tlang=ny&fmt=vtt", "ext": "vtt"}], "ps": [{"url": "https://www.youtube.com/api/timedtext?key=yttt1&sparams=caps%2Cv%2Cxorp%2Cexpire&xorp=True&signature=91936AA2959C7B7CB24A93C5A1C40D9CBC6C3EB7.CB2926AC3C952E278A1DD469725FA5B2C96288C5&v=XtiYlNM9jRc&hl=en_US&expire=1515598951&lang=en&tlang=ps&fmt=ttml", "ext": "ttml"}, {"url": "https://www.youtube.com/api/timedtext?key=yttt1&sparams=caps%2Cv%2Cxorp%2Cexpire&xorp=True&signature=91936AA2959C7B7CB24A93C5A1C40D9CBC6C3EB7.CB2926AC3C952E278A1DD469725FA5B2C96288C5&v=XtiYlNM9jRc&hl=en_US&expire=1515598951&lang=en&tlang=ps&fmt=vtt", "ext": "vtt"}], "fa": [{"url": "https://www.youtube.com/api/timedtext?key=yttt1&sparams=caps%2Cv%2Cxorp%2Cexpire&xorp=True&signature=91936AA2959C7B7CB24A93C5A1C40D9CBC6C3EB7.CB2926AC3C952E278A1DD469725FA5B2C96288C5&v=XtiYlNM9jRc&hl=en_US&expire=1515598951&lang=en&tlang=fa&fmt=ttml", "ext": "ttml"}, {"url": "https://www.youtube.com/api/timedtext?key=yttt1&sparams=caps%2Cv%2Cxorp%2Cexpire&xorp=True&signature=91936AA2959C7B7CB24A93C5A1C40D9CBC6C3EB7.CB2926AC3C952E278A1DD469725FA5B2C96288C5&v=XtiYlNM9jRc&hl=en_US&expire=1515598951&lang=en&tlang=fa&fmt=vtt", "ext": "vtt"}], "pl": [{"url": "https://www.youtube.com/api/timedtext?key=yttt1&sparams=caps%2Cv%2Cxorp%2Cexpire&xorp=True&signature=91936AA2959C7B7CB24A93C5A1C40D9CBC6C3EB7.CB2926AC3C952E278A1DD469725FA5B2C96288C5&v=XtiYlNM9jRc&hl=en_US&expire=1515598951&lang=en&tlang=pl&fmt=ttml", "ext": "ttml"}, {"url": "https://www.youtube.com/api/timedtext?key=yttt1&sparams=caps%2Cv%2Cxorp%2Cexpire&xorp=True&signature=91936AA2959C7B7CB24A93C5A1C40D9CBC6C3EB7.CB2926AC3C952E278A1DD469725FA5B2C96288C5&v=XtiYlNM9jRc&hl=en_US&expire=1515598951&lang=en&tlang=pl&fmt=vtt", "ext": "vtt"}], "pt": [{"url": "https://www.youtube.com/api/timedtext?key=yttt1&sparams=caps%2Cv%2Cxorp%2Cexpire&xorp=True&signature=91936AA2959C7B7CB24A93C5A1C40D9CBC6C3EB7.CB2926AC3C952E278A1DD469725FA5B2C96288C5&v=XtiYlNM9jRc&hl=en_US&expire=1515598951&lang=en&tlang=pt&fmt=ttml", "ext": "ttml"}, {"url": "https://www.youtube.com/api/timedtext?key=yttt1&sparams=caps%2Cv%2Cxorp%2Cexpire&xorp=True&signature=91936AA2959C7B7CB24A93C5A1C40D9CBC6C3EB7.CB2926AC3C952E278A1DD469725FA5B2C96288C5&v=XtiYlNM9jRc&hl=en_US&expire=1515598951&lang=en&tlang=pt&fmt=vtt", "ext": "vtt"}], "pa": [{"url": "https://www.youtube.com/api/timedtext?key=yttt1&sparams=caps%2Cv%2Cxorp%2Cexpire&xorp=True&signature=91936AA2959C7B7CB24A93C5A1C40D9CBC6C3EB7.CB2926AC3C952E278A1DD469725FA5B2C96288C5&v=XtiYlNM9jRc&hl=en_US&expire=1515598951&lang=en&tlang=pa&fmt=ttml", "ext": "ttml"}, {"url": "https://www.youtube.com/api/timedtext?key=yttt1&sparams=caps%2Cv%2Cxorp%2Cexpire&xorp=True&signature=91936AA2959C7B7CB24A93C5A1C40D9CBC6C3EB7.CB2926AC3C952E278A1DD469725FA5B2C96288C5&v=XtiYlNM9jRc&hl=en_US&expire=1515598951&lang=en&tlang=pa&fmt=vtt", "ext": "vtt"}], "ro": [{"url": "https://www.youtube.com/api/timedtext?key=yttt1&sparams=caps%2Cv%2Cxorp%2Cexpire&xorp=True&signature=91936AA2959C7B7CB24A93C5A1C40D9CBC6C3EB7.CB2926AC3C952E278A1DD469725FA5B2C96288C5&v=XtiYlNM9jRc&hl=en_US&expire=1515598951&lang=en&tlang=ro&fmt=ttml", "ext": "ttml"}, {"url": "https://www.youtube.com/api/timedtext?key=yttt1&sparams=caps%2Cv%2Cxorp%2Cexpire&xorp=True&signature=91936AA2959C7B7CB24A93C5A1C40D9CBC6C3EB7.CB2926AC3C952E278A1DD469725FA5B2C96288C5&v=XtiYlNM9jRc&hl=en_US&expire=1515598951&lang=en&tlang=ro&fmt=vtt", "ext": "vtt"}], "ru": [{"url": "https://www.youtube.com/api/timedtext?key=yttt1&sparams=caps%2Cv%2Cxorp%2Cexpire&xorp=True&signature=91936AA2959C7B7CB24A93C5A1C40D9CBC6C3EB7.CB2926AC3C952E278A1DD469725FA5B2C96288C5&v=XtiYlNM9jRc&hl=en_US&expire=1515598951&lang=en&tlang=ru&fmt=ttml", "ext": "ttml"}, {"url": "https://www.youtube.com/api/timedtext?key=yttt1&sparams=caps%2Cv%2Cxorp%2Cexpire&xorp=True&signature=91936AA2959C7B7CB24A93C5A1C40D9CBC6C3EB7.CB2926AC3C952E278A1DD469725FA5B2C96288C5&v=XtiYlNM9jRc&hl=en_US&expire=1515598951&lang=en&tlang=ru&fmt=vtt", "ext": "vtt"}], "sm": [{"url": "https://www.youtube.com/api/timedtext?key=yttt1&sparams=caps%2Cv%2Cxorp%2Cexpire&xorp=True&signature=91936AA2959C7B7CB24A93C5A1C40D9CBC6C3EB7.CB2926AC3C952E278A1DD469725FA5B2C96288C5&v=XtiYlNM9jRc&hl=en_US&expire=1515598951&lang=en&tlang=sm&fmt=ttml", "ext": "ttml"}, {"url": "https://www.youtube.com/api/timedtext?key=yttt1&sparams=caps%2Cv%2Cxorp%2Cexpire&xorp=True&signature=91936AA2959C7B7CB24A93C5A1C40D9CBC6C3EB7.CB2926AC3C952E278A1DD469725FA5B2C96288C5&v=XtiYlNM9jRc&hl=en_US&expire=1515598951&lang=en&tlang=sm&fmt=vtt", "ext": "vtt"}], "gd": [{"url": "https://www.youtube.com/api/timedtext?key=yttt1&sparams=caps%2Cv%2Cxorp%2Cexpire&xorp=True&signature=91936AA2959C7B7CB24A93C5A1C40D9CBC6C3EB7.CB2926AC3C952E278A1DD469725FA5B2C96288C5&v=XtiYlNM9jRc&hl=en_US&expire=1515598951&lang=en&tlang=gd&fmt=ttml", "ext": "ttml"}, {"url": "https://www.youtube.com/api/timedtext?key=yttt1&sparams=caps%2Cv%2Cxorp%2Cexpire&xorp=True&signature=91936AA2959C7B7CB24A93C5A1C40D9CBC6C3EB7.CB2926AC3C952E278A1DD469725FA5B2C96288C5&v=XtiYlNM9jRc&hl=en_US&expire=1515598951&lang=en&tlang=gd&fmt=vtt", "ext": "vtt"}], "sr": [{"url": "https://www.youtube.com/api/timedtext?key=yttt1&sparams=caps%2Cv%2Cxorp%2Cexpire&xorp=True&signature=91936AA2959C7B7CB24A93C5A1C40D9CBC6C3EB7.CB2926AC3C952E278A1DD469725FA5B2C96288C5&v=XtiYlNM9jRc&hl=en_US&expire=1515598951&lang=en&tlang=sr&fmt=ttml", "ext": "ttml"}, {"url": "https://www.youtube.com/api/timedtext?key=yttt1&sparams=caps%2Cv%2Cxorp%2Cexpire&xorp=True&signature=91936AA2959C7B7CB24A93C5A1C40D9CBC6C3EB7.CB2926AC3C952E278A1DD469725FA5B2C96288C5&v=XtiYlNM9jRc&hl=en_US&expire=1515598951&lang=en&tlang=sr&fmt=vtt", "ext": "vtt"}], "sn": [{"url": "https://www.youtube.com/api/timedtext?key=yttt1&sparams=caps%2Cv%2Cxorp%2Cexpire&xorp=True&signature=91936AA2959C7B7CB24A93C5A1C40D9CBC6C3EB7.CB2926AC3C952E278A1DD469725FA5B2C96288C5&v=XtiYlNM9jRc&hl=en_US&expire=1515598951&lang=en&tlang=sn&fmt=ttml", "ext": "ttml"}, {"url": "https://www.youtube.com/api/timedtext?key=yttt1&sparams=caps%2Cv%2Cxorp%2Cexpire&xorp=True&signature=91936AA2959C7B7CB24A93C5A1C40D9CBC6C3EB7.CB2926AC3C952E278A1DD469725FA5B2C96288C5&v=XtiYlNM9jRc&hl=en_US&expire=1515598951&lang=en&tlang=sn&fmt=vtt", "ext": "vtt"}], "sd": [{"url": "https://www.youtube.com/api/timedtext?key=yttt1&sparams=caps%2Cv%2Cxorp%2Cexpire&xorp=True&signature=91936AA2959C7B7CB24A93C5A1C40D9CBC6C3EB7.CB2926AC3C952E278A1DD469725FA5B2C96288C5&v=XtiYlNM9jRc&hl=en_US&expire=1515598951&lang=en&tlang=sd&fmt=ttml", "ext": "ttml"}, {"url": "https://www.youtube.com/api/timedtext?key=yttt1&sparams=caps%2Cv%2Cxorp%2Cexpire&xorp=True&signature=91936AA2959C7B7CB24A93C5A1C40D9CBC6C3EB7.CB2926AC3C952E278A1DD469725FA5B2C96288C5&v=XtiYlNM9jRc&hl=en_US&expire=1515598951&lang=en&tlang=sd&fmt=vtt", "ext": "vtt"}], "si": [{"url": "https://www.youtube.com/api/timedtext?key=yttt1&sparams=caps%2Cv%2Cxorp%2Cexpire&xorp=True&signature=91936AA2959C7B7CB24A93C5A1C40D9CBC6C3EB7.CB2926AC3C952E278A1DD469725FA5B2C96288C5&v=XtiYlNM9jRc&hl=en_US&expire=1515598951&lang=en&tlang=si&fmt=ttml", "ext": "ttml"}, {"url": "https://www.youtube.com/api/timedtext?key=yttt1&sparams=caps%2Cv%2Cxorp%2Cexpire&xorp=True&signature=91936AA2959C7B7CB24A93C5A1C40D9CBC6C3EB7.CB2926AC3C952E278A1DD469725FA5B2C96288C5&v=XtiYlNM9jRc&hl=en_US&expire=1515598951&lang=en&tlang=si&fmt=vtt", "ext": "vtt"}], "sk": [{"url": "https://www.youtube.com/api/timedtext?key=yttt1&sparams=caps%2Cv%2Cxorp%2Cexpire&xorp=True&signature=91936AA2959C7B7CB24A93C5A1C40D9CBC6C3EB7.CB2926AC3C952E278A1DD469725FA5B2C96288C5&v=XtiYlNM9jRc&hl=en_US&expire=1515598951&lang=en&tlang=sk&fmt=ttml", "ext": "ttml"}, {"url": "https://www.youtube.com/api/timedtext?key=yttt1&sparams=caps%2Cv%2Cxorp%2Cexpire&xorp=True&signature=91936AA2959C7B7CB24A93C5A1C40D9CBC6C3EB7.CB2926AC3C952E278A1DD469725FA5B2C96288C5&v=XtiYlNM9jRc&hl=en_US&expire=1515598951&lang=en&tlang=sk&fmt=vtt", "ext": "vtt"}], "sl": [{"url": "https://www.youtube.com/api/timedtext?key=yttt1&sparams=caps%2Cv%2Cxorp%2Cexpire&xorp=True&signature=91936AA2959C7B7CB24A93C5A1C40D9CBC6C3EB7.CB2926AC3C952E278A1DD469725FA5B2C96288C5&v=XtiYlNM9jRc&hl=en_US&expire=1515598951&lang=en&tlang=sl&fmt=ttml", "ext": "ttml"}, {"url": "https://www.youtube.com/api/timedtext?key=yttt1&sparams=caps%2Cv%2Cxorp%2Cexpire&xorp=True&signature=91936AA2959C7B7CB24A93C5A1C40D9CBC6C3EB7.CB2926AC3C952E278A1DD469725FA5B2C96288C5&v=XtiYlNM9jRc&hl=en_US&expire=1515598951&lang=en&tlang=sl&fmt=vtt", "ext": "vtt"}], "so": [{"url": "https://www.youtube.com/api/timedtext?key=yttt1&sparams=caps%2Cv%2Cxorp%2Cexpire&xorp=True&signature=91936AA2959C7B7CB24A93C5A1C40D9CBC6C3EB7.CB2926AC3C952E278A1DD469725FA5B2C96288C5&v=XtiYlNM9jRc&hl=en_US&expire=1515598951&lang=en&tlang=so&fmt=ttml", "ext": "ttml"}, {"url": "https://www.youtube.com/api/timedtext?key=yttt1&sparams=caps%2Cv%2Cxorp%2Cexpire&xorp=True&signature=91936AA2959C7B7CB24A93C5A1C40D9CBC6C3EB7.CB2926AC3C952E278A1DD469725FA5B2C96288C5&v=XtiYlNM9jRc&hl=en_US&expire=1515598951&lang=en&tlang=so&fmt=vtt", "ext": "vtt"}], "st": [{"url": "https://www.youtube.com/api/timedtext?key=yttt1&sparams=caps%2Cv%2Cxorp%2Cexpire&xorp=True&signature=91936AA2959C7B7CB24A93C5A1C40D9CBC6C3EB7.CB2926AC3C952E278A1DD469725FA5B2C96288C5&v=XtiYlNM9jRc&hl=en_US&expire=1515598951&lang=en&tlang=st&fmt=ttml", "ext": "ttml"}, {"url": "https://www.youtube.com/api/timedtext?key=yttt1&sparams=caps%2Cv%2Cxorp%2Cexpire&xorp=True&signature=91936AA2959C7B7CB24A93C5A1C40D9CBC6C3EB7.CB2926AC3C952E278A1DD469725FA5B2C96288C5&v=XtiYlNM9jRc&hl=en_US&expire=1515598951&lang=en&tlang=st&fmt=vtt", "ext": "vtt"}], "es": [{"url": "https://www.youtube.com/api/timedtext?key=yttt1&sparams=caps%2Cv%2Cxorp%2Cexpire&xorp=True&signature=91936AA2959C7B7CB24A93C5A1C40D9CBC6C3EB7.CB2926AC3C952E278A1DD469725FA5B2C96288C5&v=XtiYlNM9jRc&hl=en_US&expire=1515598951&lang=en&tlang=es&fmt=ttml", "ext": "ttml"}, {"url": "https://www.youtube.com/api/timedtext?key=yttt1&sparams=caps%2Cv%2Cxorp%2Cexpire&xorp=True&signature=91936AA2959C7B7CB24A93C5A1C40D9CBC6C3EB7.CB2926AC3C952E278A1DD469725FA5B2C96288C5&v=XtiYlNM9jRc&hl=en_US&expire=1515598951&lang=en&tlang=es&fmt=vtt", "ext": "vtt"}], "su": [{"url": "https://www.youtube.com/api/timedtext?key=yttt1&sparams=caps%2Cv%2Cxorp%2Cexpire&xorp=True&signature=91936AA2959C7B7CB24A93C5A1C40D9CBC6C3EB7.CB2926AC3C952E278A1DD469725FA5B2C96288C5&v=XtiYlNM9jRc&hl=en_US&expire=1515598951&lang=en&tlang=su&fmt=ttml", "ext": "ttml"}, {"url": "https://www.youtube.com/api/timedtext?key=yttt1&sparams=caps%2Cv%2Cxorp%2Cexpire&xorp=True&signature=91936AA2959C7B7CB24A93C5A1C40D9CBC6C3EB7.CB2926AC3C952E278A1DD469725FA5B2C96288C5&v=XtiYlNM9jRc&hl=en_US&expire=1515598951&lang=en&tlang=su&fmt=vtt", "ext": "vtt"}], "sw": [{"url": "https://www.youtube.com/api/timedtext?key=yttt1&sparams=caps%2Cv%2Cxorp%2Cexpire&xorp=True&signature=91936AA2959C7B7CB24A93C5A1C40D9CBC6C3EB7.CB2926AC3C952E278A1DD469725FA5B2C96288C5&v=XtiYlNM9jRc&hl=en_US&expire=1515598951&lang=en&tlang=sw&fmt=ttml", "ext": "ttml"}, {"url": "https://www.youtube.com/api/timedtext?key=yttt1&sparams=caps%2Cv%2Cxorp%2Cexpire&xorp=True&signature=91936AA2959C7B7CB24A93C5A1C40D9CBC6C3EB7.CB2926AC3C952E278A1DD469725FA5B2C96288C5&v=XtiYlNM9jRc&hl=en_US&expire=1515598951&lang=en&tlang=sw&fmt=vtt", "ext": "vtt"}], "sv": [{"url": "https://www.youtube.com/api/timedtext?key=yttt1&sparams=caps%2Cv%2Cxorp%2Cexpire&xorp=True&signature=91936AA2959C7B7CB24A93C5A1C40D9CBC6C3EB7.CB2926AC3C952E278A1DD469725FA5B2C96288C5&v=XtiYlNM9jRc&hl=en_US&expire=1515598951&lang=en&tlang=sv&fmt=ttml", "ext": "ttml"}, {"url": "https://www.youtube.com/api/timedtext?key=yttt1&sparams=caps%2Cv%2Cxorp%2Cexpire&xorp=True&signature=91936AA2959C7B7CB24A93C5A1C40D9CBC6C3EB7.CB2926AC3C952E278A1DD469725FA5B2C96288C5&v=XtiYlNM9jRc&hl=en_US&expire=1515598951&lang=en&tlang=sv&fmt=vtt", "ext": "vtt"}], "tg": [{"url": "https://www.youtube.com/api/timedtext?key=yttt1&sparams=caps%2Cv%2Cxorp%2Cexpire&xorp=True&signature=91936AA2959C7B7CB24A93C5A1C40D9CBC6C3EB7.CB2926AC3C952E278A1DD469725FA5B2C96288C5&v=XtiYlNM9jRc&hl=en_US&expire=1515598951&lang=en&tlang=tg&fmt=ttml", "ext": "ttml"}, {"url": "https://www.youtube.com/api/timedtext?key=yttt1&sparams=caps%2Cv%2Cxorp%2Cexpire&xorp=True&signature=91936AA2959C7B7CB24A93C5A1C40D9CBC6C3EB7.CB2926AC3C952E278A1DD469725FA5B2C96288C5&v=XtiYlNM9jRc&hl=en_US&expire=1515598951&lang=en&tlang=tg&fmt=vtt", "ext": "vtt"}], "ta": [{"url": "https://www.youtube.com/api/timedtext?key=yttt1&sparams=caps%2Cv%2Cxorp%2Cexpire&xorp=True&signature=91936AA2959C7B7CB24A93C5A1C40D9CBC6C3EB7.CB2926AC3C952E278A1DD469725FA5B2C96288C5&v=XtiYlNM9jRc&hl=en_US&expire=1515598951&lang=en&tlang=ta&fmt=ttml", "ext": "ttml"}, {"url": "https://www.youtube.com/api/timedtext?key=yttt1&sparams=caps%2Cv%2Cxorp%2Cexpire&xorp=True&signature=91936AA2959C7B7CB24A93C5A1C40D9CBC6C3EB7.CB2926AC3C952E278A1DD469725FA5B2C96288C5&v=XtiYlNM9jRc&hl=en_US&expire=1515598951&lang=en&tlang=ta&fmt=vtt", "ext": "vtt"}], "te": [{"url": "https://www.youtube.com/api/timedtext?key=yttt1&sparams=caps%2Cv%2Cxorp%2Cexpire&xorp=True&signature=91936AA2959C7B7CB24A93C5A1C40D9CBC6C3EB7.CB2926AC3C952E278A1DD469725FA5B2C96288C5&v=XtiYlNM9jRc&hl=en_US&expire=1515598951&lang=en&tlang=te&fmt=ttml", "ext": "ttml"}, {"url": "https://www.youtube.com/api/timedtext?key=yttt1&sparams=caps%2Cv%2Cxorp%2Cexpire&xorp=True&signature=91936AA2959C7B7CB24A93C5A1C40D9CBC6C3EB7.CB2926AC3C952E278A1DD469725FA5B2C96288C5&v=XtiYlNM9jRc&hl=en_US&expire=1515598951&lang=en&tlang=te&fmt=vtt", "ext": "vtt"}], "th": [{"url": "https://www.youtube.com/api/timedtext?key=yttt1&sparams=caps%2Cv%2Cxorp%2Cexpire&xorp=True&signature=91936AA2959C7B7CB24A93C5A1C40D9CBC6C3EB7.CB2926AC3C952E278A1DD469725FA5B2C96288C5&v=XtiYlNM9jRc&hl=en_US&expire=1515598951&lang=en&tlang=th&fmt=ttml", "ext": "ttml"}, {"url": "https://www.youtube.com/api/timedtext?key=yttt1&sparams=caps%2Cv%2Cxorp%2Cexpire&xorp=True&signature=91936AA2959C7B7CB24A93C5A1C40D9CBC6C3EB7.CB2926AC3C952E278A1DD469725FA5B2C96288C5&v=XtiYlNM9jRc&hl=en_US&expire=1515598951&lang=en&tlang=th&fmt=vtt", "ext": "vtt"}], "tr": [{"url": "https://www.youtube.com/api/timedtext?key=yttt1&sparams=caps%2Cv%2Cxorp%2Cexpire&xorp=True&signature=91936AA2959C7B7CB24A93C5A1C40D9CBC6C3EB7.CB2926AC3C952E278A1DD469725FA5B2C96288C5&v=XtiYlNM9jRc&hl=en_US&expire=1515598951&lang=en&tlang=tr&fmt=ttml", "ext": "ttml"}, {"url": "https://www.youtube.com/api/timedtext?key=yttt1&sparams=caps%2Cv%2Cxorp%2Cexpire&xorp=True&signature=91936AA2959C7B7CB24A93C5A1C40D9CBC6C3EB7.CB2926AC3C952E278A1DD469725FA5B2C96288C5&v=XtiYlNM9jRc&hl=en_US&expire=1515598951&lang=en&tlang=tr&fmt=vtt", "ext": "vtt"}], "uk": [{"url": "https://www.youtube.com/api/timedtext?key=yttt1&sparams=caps%2Cv%2Cxorp%2Cexpire&xorp=True&signature=91936AA2959C7B7CB24A93C5A1C40D9CBC6C3EB7.CB2926AC3C952E278A1DD469725FA5B2C96288C5&v=XtiYlNM9jRc&hl=en_US&expire=1515598951&lang=en&tlang=uk&fmt=ttml", "ext": "ttml"}, {"url": "https://www.youtube.com/api/timedtext?key=yttt1&sparams=caps%2Cv%2Cxorp%2Cexpire&xorp=True&signature=91936AA2959C7B7CB24A93C5A1C40D9CBC6C3EB7.CB2926AC3C952E278A1DD469725FA5B2C96288C5&v=XtiYlNM9jRc&hl=en_US&expire=1515598951&lang=en&tlang=uk&fmt=vtt", "ext": "vtt"}], "ur": [{"url": "https://www.youtube.com/api/timedtext?key=yttt1&sparams=caps%2Cv%2Cxorp%2Cexpire&xorp=True&signature=91936AA2959C7B7CB24A93C5A1C40D9CBC6C3EB7.CB2926AC3C952E278A1DD469725FA5B2C96288C5&v=XtiYlNM9jRc&hl=en_US&expire=1515598951&lang=en&tlang=ur&fmt=ttml", "ext": "ttml"}, {"url": "https://www.youtube.com/api/timedtext?key=yttt1&sparams=caps%2Cv%2Cxorp%2Cexpire&xorp=True&signature=91936AA2959C7B7CB24A93C5A1C40D9CBC6C3EB7.CB2926AC3C952E278A1DD469725FA5B2C96288C5&v=XtiYlNM9jRc&hl=en_US&expire=1515598951&lang=en&tlang=ur&fmt=vtt", "ext": "vtt"}], "uz": [{"url": "https://www.youtube.com/api/timedtext?key=yttt1&sparams=caps%2Cv%2Cxorp%2Cexpire&xorp=True&signature=91936AA2959C7B7CB24A93C5A1C40D9CBC6C3EB7.CB2926AC3C952E278A1DD469725FA5B2C96288C5&v=XtiYlNM9jRc&hl=en_US&expire=1515598951&lang=en&tlang=uz&fmt=ttml", "ext": "ttml"}, {"url": "https://www.youtube.com/api/timedtext?key=yttt1&sparams=caps%2Cv%2Cxorp%2Cexpire&xorp=True&signature=91936AA2959C7B7CB24A93C5A1C40D9CBC6C3EB7.CB2926AC3C952E278A1DD469725FA5B2C96288C5&v=XtiYlNM9jRc&hl=en_US&expire=1515598951&lang=en&tlang=uz&fmt=vtt", "ext": "vtt"}], "vi": [{"url": "https://www.youtube.com/api/timedtext?key=yttt1&sparams=caps%2Cv%2Cxorp%2Cexpire&xorp=True&signature=91936AA2959C7B7CB24A93C5A1C40D9CBC6C3EB7.CB2926AC3C952E278A1DD469725FA5B2C96288C5&v=XtiYlNM9jRc&hl=en_US&expire=1515598951&lang=en&tlang=vi&fmt=ttml", "ext": "ttml"}, {"url": "https://www.youtube.com/api/timedtext?key=yttt1&sparams=caps%2Cv%2Cxorp%2Cexpire&xorp=True&signature=91936AA2959C7B7CB24A93C5A1C40D9CBC6C3EB7.CB2926AC3C952E278A1DD469725FA5B2C96288C5&v=XtiYlNM9jRc&hl=en_US&expire=1515598951&lang=en&tlang=vi&fmt=vtt", "ext": "vtt"}], "cy": [{"url": "https://www.youtube.com/api/timedtext?key=yttt1&sparams=caps%2Cv%2Cxorp%2Cexpire&xorp=True&signature=91936AA2959C7B7CB24A93C5A1C40D9CBC6C3EB7.CB2926AC3C952E278A1DD469725FA5B2C96288C5&v=XtiYlNM9jRc&hl=en_US&expire=1515598951&lang=en&tlang=cy&fmt=ttml", "ext": "ttml"}, {"url": "https://www.youtube.com/api/timedtext?key=yttt1&sparams=caps%2Cv%2Cxorp%2Cexpire&xorp=True&signature=91936AA2959C7B7CB24A93C5A1C40D9CBC6C3EB7.CB2926AC3C952E278A1DD469725FA5B2C96288C5&v=XtiYlNM9jRc&hl=en_US&expire=1515598951&lang=en&tlang=cy&fmt=vtt", "ext": "vtt"}], "fy": [{"url": "https://www.youtube.com/api/timedtext?key=yttt1&sparams=caps%2Cv%2Cxorp%2Cexpire&xorp=True&signature=91936AA2959C7B7CB24A93C5A1C40D9CBC6C3EB7.CB2926AC3C952E278A1DD469725FA5B2C96288C5&v=XtiYlNM9jRc&hl=en_US&expire=1515598951&lang=en&tlang=fy&fmt=ttml", "ext": "ttml"}, {"url": "https://www.youtube.com/api/timedtext?key=yttt1&sparams=caps%2Cv%2Cxorp%2Cexpire&xorp=True&signature=91936AA2959C7B7CB24A93C5A1C40D9CBC6C3EB7.CB2926AC3C952E278A1DD469725FA5B2C96288C5&v=XtiYlNM9jRc&hl=en_US&expire=1515598951&lang=en&tlang=fy&fmt=vtt", "ext": "vtt"}], "xh": [{"url": "https://www.youtube.com/api/timedtext?key=yttt1&sparams=caps%2Cv%2Cxorp%2Cexpire&xorp=True&signature=91936AA2959C7B7CB24A93C5A1C40D9CBC6C3EB7.CB2926AC3C952E278A1DD469725FA5B2C96288C5&v=XtiYlNM9jRc&hl=en_US&expire=1515598951&lang=en&tlang=xh&fmt=ttml", "ext": "ttml"}, {"url": "https://www.youtube.com/api/timedtext?key=yttt1&sparams=caps%2Cv%2Cxorp%2Cexpire&xorp=True&signature=91936AA2959C7B7CB24A93C5A1C40D9CBC6C3EB7.CB2926AC3C952E278A1DD469725FA5B2C96288C5&v=XtiYlNM9jRc&hl=en_US&expire=1515598951&lang=en&tlang=xh&fmt=vtt", "ext": "vtt"}], "yi": [{"url": "https://www.youtube.com/api/timedtext?key=yttt1&sparams=caps%2Cv%2Cxorp%2Cexpire&xorp=True&signature=91936AA2959C7B7CB24A93C5A1C40D9CBC6C3EB7.CB2926AC3C952E278A1DD469725FA5B2C96288C5&v=XtiYlNM9jRc&hl=en_US&expire=1515598951&lang=en&tlang=yi&fmt=ttml", "ext": "ttml"}, {"url": "https://www.youtube.com/api/timedtext?key=yttt1&sparams=caps%2Cv%2Cxorp%2Cexpire&xorp=True&signature=91936AA2959C7B7CB24A93C5A1C40D9CBC6C3EB7.CB2926AC3C952E278A1DD469725FA5B2C96288C5&v=XtiYlNM9jRc&hl=en_US&expire=1515598951&lang=en&tlang=yi&fmt=vtt", "ext": "vtt"}], "yo": [{"url": "https://www.youtube.com/api/timedtext?key=yttt1&sparams=caps%2Cv%2Cxorp%2Cexpire&xorp=True&signature=91936AA2959C7B7CB24A93C5A1C40D9CBC6C3EB7.CB2926AC3C952E278A1DD469725FA5B2C96288C5&v=XtiYlNM9jRc&hl=en_US&expire=1515598951&lang=en&tlang=yo&fmt=ttml", "ext": "ttml"}, {"url": "https://www.youtube.com/api/timedtext?key=yttt1&sparams=caps%2Cv%2Cxorp%2Cexpire&xorp=True&signature=91936AA2959C7B7CB24A93C5A1C40D9CBC6C3EB7.CB2926AC3C952E278A1DD469725FA5B2C96288C5&v=XtiYlNM9jRc&hl=en_US&expire=1515598951&lang=en&tlang=yo&fmt=vtt", "ext": "vtt"}], "zu": [{"url": "https://www.youtube.com/api/timedtext?key=yttt1&sparams=caps%2Cv%2Cxorp%2Cexpire&xorp=True&signature=91936AA2959C7B7CB24A93C5A1C40D9CBC6C3EB7.CB2926AC3C952E278A1DD469725FA5B2C96288C5&v=XtiYlNM9jRc&hl=en_US&expire=1515598951&lang=en&tlang=zu&fmt=ttml", "ext": "ttml"}, {"url": "https://www.youtube.com/api/timedtext?key=yttt1&sparams=caps%2Cv%2Cxorp%2Cexpire&xorp=True&signature=91936AA2959C7B7CB24A93C5A1C40D9CBC6C3EB7.CB2926AC3C952E278A1DD469725FA5B2C96288C5&v=XtiYlNM9jRc&hl=en_US&expire=1515598951&lang=en&tlang=zu&fmt=vtt", "ext": "vtt"}]}, "duration": 117, "age_limit": 0, "annotations": null, "chapters": null, "webpage_url": "https://www.youtube.com/watch?v=XtiYlNM9jRc", "view_count": 26299, "like_count": 376, "dislike_count": 2, "average_rating": 4.97883605957, "formats": [{"format_id": "249", "url": "https://r3---sn-o3o-itql.googlevideo.com/videoplayback?keepalive=yes&signature=CD324AD19FB6D0A57C9F8C23402DF82661EE53E1.042DBAD97DDF7278BAB5D97DC4C707413916E626&ipbits=0&key=yt6&initcwndbps=436250&sparams=clen%2Cdur%2Cei%2Cgir%2Cid%2Cinitcwndbps%2Cip%2Cipbits%2Citag%2Ckeepalive%2Clmt%2Cmime%2Cmm%2Cmn%2Cms%2Cmv%2Cpl%2Crequiressl%2Csource%2Cexpire&lmt=1456225565803619&clen=689305&expire=1515595351&ip=14.139.155.24&gir=yes&source=youtube&mm=31&mn=sn-o3o-itql&mt=1515573641&mv=m&pl=19&id=o-ANo3Iwa-_0Y7BsJuRuBTcgiukxuzewD5MPVm8Va3NOsE&ei=9tFVWuf1OsOQoQOy-YXwDg&ms=au&mime=audio%2Fwebm&dur=117.321&requiressl=yes&itag=249&ratebypass=yes", "player_url": "/yts/jsbin/player-vflmAXHDE/en_US/base.js", "ext": "webm", "format_note": "DASH audio", "acodec": "opus", "abr": 50, "filesize": 689305, "tbr": 50.881, "vcodec": "none", "format": "249 - audio only (DASH audio)", "protocol": "https", "http_headers": {"User-Agent": "Mozilla/5.0 (X11; Linux x86_64; rv:10.0) Gecko/20150101 Firefox/47.0 (Chrome)", "Accept-Charset": "ISO-8859-1,utf-8;q=0.7,*;q=0.7", "Accept": "text/html,application/xhtml+xml,application/xml;q=0.9,*/*;q=0.8", "Accept-Encoding": "gzip, deflate", "Accept-Language": "en-us,en;q=0.5"}}, {"format_id": "250", "url": "https://r3---sn-o3o-itql.googlevideo.com/videoplayback?keepalive=yes&signature=AF15516FF742E86503989F2899D497DEB295C1BB.A47C03B1B86AFDE761C948805DBF8BC7CA28FAB3&ipbits=0&key=yt6&initcwndbps=436250&sparams=clen%2Cdur%2Cei%2Cgir%2Cid%2Cinitcwndbps%2Cip%2Cipbits%2Citag%2Ckeepalive%2Clmt%2Cmime%2Cmm%2Cmn%2Cms%2Cmv%2Cpl%2Crequiressl%2Csource%2Cexpire&lmt=1456225565263770&clen=774999&expire=1515595351&ip=14.139.155.24&gir=yes&source=youtube&mm=31&mn=sn-o3o-itql&mt=1515573641&mv=m&pl=19&id=o-ANo3Iwa-_0Y7BsJuRuBTcgiukxuzewD5MPVm8Va3NOsE&ei=9tFVWuf1OsOQoQOy-YXwDg&ms=au&mime=audio%2Fwebm&dur=117.321&requiressl=yes&itag=250&ratebypass=yes", "player_url": "/yts/jsbin/player-vflmAXHDE/en_US/base.js", "ext": "webm", "format_note": "DASH audio", "acodec": "opus", "abr": 70, "filesize": 774999, "tbr": 56.712, "vcodec": "none", "format": "250 - audio only (DASH audio)", "protocol": "https", "http_headers": {"User-Agent": "Mozilla/5.0 (X11; Linux x86_64; rv:10.0) Gecko/20150101 Firefox/47.0 (Chrome)", "Accept-Charset": "ISO-8859-1,utf-8;q=0.7,*;q=0.7", "Accept": "text/html,application/xhtml+xml,application/xml;q=0.9,*/*;q=0.8", "Accept-Encoding": "gzip, deflate", "Accept-Language": "en-us,en;q=0.5"}}, {"format_id": "171", "url": "https://r3---sn-o3o-itql.googlevideo.com/videoplayback?keepalive=yes&signature=7EF8B3253C43289B0E33D6E7C49893A2FD367C37.431D0FBCA333EF361422A8897E8C57AD7E42ECB7&ipbits=0&key=yt6&initcwndbps=436250&sparams=clen%2Cdur%2Cei%2Cgir%2Cid%2Cinitcwndbps%2Cip%2Cipbits%2Citag%2Ckeepalive%2Clmt%2Cmime%2Cmm%2Cmn%2Cms%2Cmv%2Cpl%2Crequiressl%2Csource%2Cexpire&lmt=1456225567033914&clen=1255738&expire=1515595351&ip=14.139.155.24&gir=yes&source=youtube&mm=31&mn=sn-o3o-itql&mt=1515573641&mv=m&pl=19&id=o-ANo3Iwa-_0Y7BsJuRuBTcgiukxuzewD5MPVm8Va3NOsE&ei=9tFVWuf1OsOQoQOy-YXwDg&ms=au&mime=audio%2Fwebm&dur=117.317&requiressl=yes&itag=171&ratebypass=yes", "player_url": "/yts/jsbin/player-vflmAXHDE/en_US/base.js", "ext": "webm", "acodec": "vorbis", "format_note": "DASH audio", "abr": 128, "filesize": 1255738, "tbr": 93.071, "vcodec": "none", "format": "171 - audio only (DASH audio)", "protocol": "https", "http_headers": {"User-Agent": "Mozilla/5.0 (X11; Linux x86_64; rv:10.0) Gecko/20150101 Firefox/47.0 (Chrome)", "Accept-Charset": "ISO-8859-1,utf-8;q=0.7,*;q=0.7", "Accept": "text/html,application/xhtml+xml,application/xml;q=0.9,*/*;q=0.8", "Accept-Encoding": "gzip, deflate", "Accept-Language": "en-us,en;q=0.5"}}, {"format_id": "251", "url": "https://r3---sn-o3o-itql.googlevideo.com/videoplayback?keepalive=yes&signature=3B975AFE6EB37A9E4AFAC7334244CAB5E307CCC8.AA5AFC165BF6B4B4666A762E18D027FBB9FD1C33&ipbits=0&key=yt6&initcwndbps=436250&sparams=clen%2Cdur%2Cei%2Cgir%2Cid%2Cinitcwndbps%2Cip%2Cipbits%2Citag%2Ckeepalive%2Clmt%2Cmime%2Cmm%2Cmn%2Cms%2Cmv%2Cpl%2Crequiressl%2Csource%2Cexpire&lmt=1456225566867123&clen=1429209&expire=1515595351&ip=14.139.155.24&gir=yes&source=youtube&mm=31&mn=sn-o3o-itql&mt=1515573641&mv=m&pl=19&id=o-ANo3Iwa-_0Y7BsJuRuBTcgiukxuzewD5MPVm8Va3NOsE&ei=9tFVWuf1OsOQoQOy-YXwDg&ms=au&mime=audio%2Fwebm&dur=117.321&requiressl=yes&itag=251&ratebypass=yes", "player_url": "/yts/jsbin/player-vflmAXHDE/en_US/base.js", "ext": "webm", "format_note": "DASH audio", "acodec": "opus", "abr": 160, "filesize": 1429209, "tbr": 105.41, "vcodec": "none", "format": "251 - audio only (DASH audio)", "protocol": "https", "http_headers": {"User-Agent": "Mozilla/5.0 (X11; Linux x86_64; rv:10.0) Gecko/20150101 Firefox/47.0 (Chrome)", "Accept-Charset": "ISO-8859-1,utf-8;q=0.7,*;q=0.7", "Accept": "text/html,application/xhtml+xml,application/xml;q=0.9,*/*;q=0.8", "Accept-Encoding": "gzip, deflate", "Accept-Language": "en-us,en;q=0.5"}}, {"format_id": "140", "url": "https://r3---sn-o3o-itql.googlevideo.com/videoplayback?keepalive=yes&signature=BFD1979E6A97C869A8A313508B3A13861358E1C6.93FCAB96D99C53C3B9462E07A46BC5197107DFF5&ipbits=0&key=yt6&initcwndbps=436250&sparams=clen%2Cdur%2Cei%2Cgir%2Cid%2Cinitcwndbps%2Cip%2Cipbits%2Citag%2Ckeepalive%2Clmt%2Cmime%2Cmm%2Cmn%2Cms%2Cmv%2Cpl%2Crequiressl%2Csource%2Cexpire&lmt=1456399025976390&clen=1864880&expire=1515595351&ip=14.139.155.24&gir=yes&source=youtube&mm=31&mn=sn-o3o-itql&mt=1515573641&mv=m&pl=19&id=o-ANo3Iwa-_0Y7BsJuRuBTcgiukxuzewD5MPVm8Va3NOsE&ei=9tFVWuf1OsOQoQOy-YXwDg&ms=au&mime=audio%2Fmp4&dur=117.376&requiressl=yes&itag=140&ratebypass=yes", "player_url": "/yts/jsbin/player-vflmAXHDE/en_US/base.js", "ext": "m4a", "format_note": "DASH audio", "acodec": "mp4a.40.2", "abr": 128, "container": "m4a_dash", "filesize": 1864880, "tbr": 127.66, "vcodec": "none", "format": "140 - audio only (DASH audio)", "protocol": "https", "http_headers": {"User-Agent": "Mozilla/5.0 (X11; Linux x86_64; rv:10.0) Gecko/20150101 Firefox/47.0 (Chrome)", "Accept-Charset": "ISO-8859-1,utf-8;q=0.7,*;q=0.7", "Accept": "text/html,application/xhtml+xml,application/xml;q=0.9,*/*;q=0.8", "Accept-Encoding": "gzip, deflate", "Accept-Language": "en-us,en;q=0.5"}}, {"format_id": "160", "url": "https://r3---sn-o3o-itql.googlevideo.com/videoplayback?keepalive=yes&signature=CA2AF9DEABD21E07C03FB70340DBD050579EE888.A75686A555AA6AC6424BF8FA418A1094246D6FE2&ipbits=0&key=yt6&initcwndbps=436250&sparams=aitags%2Cclen%2Cdur%2Cei%2Cgir%2Cid%2Cinitcwndbps%2Cip%2Cipbits%2Citag%2Ckeepalive%2Clmt%2Cmime%2Cmm%2Cmn%2Cms%2Cmv%2Cpl%2Crequiressl%2Csource%2Cexpire&aitags=133%2C134%2C135%2C136%2C137%2C160%2C242%2C243%2C244%2C247%2C248%2C278&lmt=1456399129100719&clen=1612669&expire=1515595351&ip=14.139.155.24&gir=yes&source=youtube&mm=31&mn=sn-o3o-itql&mt=1515573641&mv=m&pl=19&id=o-ANo3Iwa-_0Y7BsJuRuBTcgiukxuzewD5MPVm8Va3NOsE&ei=9tFVWuf1OsOQoQOy-YXwDg&ms=au&mime=video%2Fmp4&dur=117.320&requiressl=yes&itag=160&ratebypass=yes", "player_url": "/yts/jsbin/player-vflmAXHDE/en_US/base.js", "ext": "mp4", "height": 144, "format_note": "144p", "vcodec": "avc1.4d400c", "filesize": 1612669, "tbr": 114.976, "width": 256, "fps": 25, "acodec": "none", "format": "160 - 256x144 (144p)", "protocol": "https", "http_headers": {"User-Agent": "Mozilla/5.0 (X11; Linux x86_64; rv:10.0) Gecko/20150101 Firefox/47.0 (Chrome)", "Accept-Charset": "ISO-8859-1,utf-8;q=0.7,*;q=0.7", "Accept": "text/html,application/xhtml+xml,application/xml;q=0.9,*/*;q=0.8", "Accept-Encoding": "gzip, deflate", "Accept-Language": "en-us,en;q=0.5"}}, {"format_id": "278", "url": "https://r3---sn-o3o-itql.googlevideo.com/videoplayback?keepalive=yes&signature=3FC9C21FF6DBD61A2FDF00695D1FE070C4A54E89.D419B5AB1BCA7B9B10F041B4D2D109CF8A170AB9&ipbits=0&key=yt6&initcwndbps=436250&sparams=aitags%2Cclen%2Cdur%2Cei%2Cgir%2Cid%2Cinitcwndbps%2Cip%2Cipbits%2Citag%2Ckeepalive%2Clmt%2Cmime%2Cmm%2Cmn%2Cms%2Cmv%2Cpl%2Crequiressl%2Csource%2Cexpire&aitags=133%2C134%2C135%2C136%2C137%2C160%2C242%2C243%2C244%2C247%2C248%2C278&lmt=1456225769883937&clen=1438422&expire=1515595351&ip=14.139.155.24&gir=yes&source=youtube&mm=31&mn=sn-o3o-itql&mt=1515573641&mv=m&pl=19&id=o-ANo3Iwa-_0Y7BsJuRuBTcgiukxuzewD5MPVm8Va3NOsE&ei=9tFVWuf1OsOQoQOy-YXwDg&ms=au&mime=video%2Fwebm&dur=117.280&requiressl=yes&itag=278&ratebypass=yes", "player_url": "/yts/jsbin/player-vflmAXHDE/en_US/base.js", "ext": "webm", "height": 144, "format_note": "144p", "container": "webm", "vcodec": "vp9", "filesize": 1438422, "tbr": 115.665, "width": 256, "fps": 25, "acodec": "none", "format": "278 - 256x144 (144p)", "protocol": "https", "http_headers": {"User-Agent": "Mozilla/5.0 (X11; Linux x86_64; rv:10.0) Gecko/20150101 Firefox/47.0 (Chrome)", "Accept-Charset": "ISO-8859-1,utf-8;q=0.7,*;q=0.7", "Accept": "text/html,application/xhtml+xml,application/xml;q=0.9,*/*;q=0.8", "Accept-Encoding": "gzip, deflate", "Accept-Language": "en-us,en;q=0.5"}}, {"format_id": "242", "url": "https://r3---sn-o3o-itql.googlevideo.com/videoplayback?keepalive=yes&signature=3FA7D042DC43735634E2CDDE007A69E6A11119D4.25985E7F853CE9053F4223D98CD6D3F84BEEE90B&ipbits=0&key=yt6&initcwndbps=436250&sparams=aitags%2Cclen%2Cdur%2Cei%2Cgir%2Cid%2Cinitcwndbps%2Cip%2Cipbits%2Citag%2Ckeepalive%2Clmt%2Cmime%2Cmm%2Cmn%2Cms%2Cmv%2Cpl%2Crequiressl%2Csource%2Cexpire&aitags=133%2C134%2C135%2C136%2C137%2C160%2C242%2C243%2C244%2C247%2C248%2C278&lmt=1456225772998065&clen=2479132&expire=1515595351&ip=14.139.155.24&gir=yes&source=youtube&mm=31&mn=sn-o3o-itql&mt=1515573641&mv=m&pl=19&id=o-ANo3Iwa-_0Y7BsJuRuBTcgiukxuzewD5MPVm8Va3NOsE&ei=9tFVWuf1OsOQoQOy-YXwDg&ms=au&mime=video%2Fwebm&dur=117.280&requiressl=yes&itag=242&ratebypass=yes", "player_url": "/yts/jsbin/player-vflmAXHDE/en_US/base.js", "ext": "webm", "height": 240, "format_note": "240p", "vcodec": "vp9", "filesize": 2479132, "tbr": 231.204, "width": 426, "fps": 25, "acodec": "none", "format": "242 - 426x240 (240p)", "protocol": "https", "http_headers": {"User-Agent": "Mozilla/5.0 (X11; Linux x86_64; rv:10.0) Gecko/20150101 Firefox/47.0 (Chrome)", "Accept-Charset": "ISO-8859-1,utf-8;q=0.7,*;q=0.7", "Accept": "text/html,application/xhtml+xml,application/xml;q=0.9,*/*;q=0.8", "Accept-Encoding": "gzip, deflate", "Accept-Language": "en-us,en;q=0.5"}}, {"format_id": "133", "url": "https://r3---sn-o3o-itql.googlevideo.com/videoplayback?keepalive=yes&signature=D4898B970280FC4325762775302E9BEFFE0C67F2.C66A90A35400AC3397232872E0B47AC895AD9F&ipbits=0&key=yt6&initcwndbps=436250&sparams=aitags%2Cclen%2Cdur%2Cei%2Cgir%2Cid%2Cinitcwndbps%2Cip%2Cipbits%2Citag%2Ckeepalive%2Clmt%2Cmime%2Cmm%2Cmn%2Cms%2Cmv%2Cpl%2Crequiressl%2Csource%2Cexpire&aitags=133%2C134%2C135%2C136%2C137%2C160%2C242%2C243%2C244%2C247%2C248%2C278&lmt=1456399129169180&clen=3597527&expire=1515595351&ip=14.139.155.24&gir=yes&source=youtube&mm=31&mn=sn-o3o-itql&mt=1515573641&mv=m&pl=19&id=o-ANo3Iwa-_0Y7BsJuRuBTcgiukxuzewD5MPVm8Va3NOsE&ei=9tFVWuf1OsOQoQOy-YXwDg&ms=au&mime=video%2Fmp4&dur=117.320&requiressl=yes&itag=133&ratebypass=yes", "player_url": "/yts/jsbin/player-vflmAXHDE/en_US/base.js", "ext": "mp4", "height": 240, "format_note": "240p", "vcodec": "avc1.4d4015", "filesize": 3597527, "tbr": 252.046, "width": 426, "fps": 25, "acodec": "none", "format": "133 - 426x240 (240p)", "protocol": "https", "http_headers": {"User-Agent": "Mozilla/5.0 (X11; Linux x86_64; rv:10.0) Gecko/20150101 Firefox/47.0 (Chrome)", "Accept-Charset": "ISO-8859-1,utf-8;q=0.7,*;q=0.7", "Accept": "text/html,application/xhtml+xml,application/xml;q=0.9,*/*;q=0.8", "Accept-Encoding": "gzip, deflate", "Accept-Language": "en-us,en;q=0.5"}}, {"format_id": "134", "url": "https://r3---sn-o3o-itql.googlevideo.com/videoplayback?keepalive=yes&signature=4844DFD97938E9EFBDB88103FECCEBDB54FE14D3.613915139C22A5E6FC1ADCCD5076818ECA27F157&ipbits=0&key=yt6&initcwndbps=436250&sparams=aitags%2Cclen%2Cdur%2Cei%2Cgir%2Cid%2Cinitcwndbps%2Cip%2Cipbits%2Citag%2Ckeepalive%2Clmt%2Cmime%2Cmm%2Cmn%2Cms%2Cmv%2Cpl%2Crequiressl%2Csource%2Cexpire&aitags=133%2C134%2C135%2C136%2C137%2C160%2C242%2C243%2C244%2C247%2C248%2C278&lmt=1456399129170299&clen=3851143&expire=1515595351&ip=14.139.155.24&gir=yes&source=youtube&mm=31&mn=sn-o3o-itql&mt=1515573641&mv=m&pl=19&id=o-ANo3Iwa-_0Y7BsJuRuBTcgiukxuzewD5MPVm8Va3NOsE&ei=9tFVWuf1OsOQoQOy-YXwDg&ms=au&mime=video%2Fmp4&dur=117.320&requiressl=yes&itag=134&ratebypass=yes", "player_url": "/yts/jsbin/player-vflmAXHDE/en_US/base.js", "ext": "mp4", "height": 360, "format_note": "360p", "vcodec": "avc1.4d401e", "filesize": 3851143, "tbr": 344.504, "width": 640, "fps": 25, "acodec": "none", "format": "134 - 640x360 (360p)", "protocol": "https", "http_headers": {"User-Agent": "Mozilla/5.0 (X11; Linux x86_64; rv:10.0) Gecko/20150101 Firefox/47.0 (Chrome)", "Accept-Charset": "ISO-8859-1,utf-8;q=0.7,*;q=0.7", "Accept": "text/html,application/xhtml+xml,application/xml;q=0.9,*/*;q=0.8", "Accept-Encoding": "gzip, deflate", "Accept-Language": "en-us,en;q=0.5"}}, {"format_id": "243", "url": "https://r3---sn-o3o-itql.googlevideo.com/videoplayback?keepalive=yes&signature=866F62AF5C5FAE6C3B5CB7070AAB34AEE87A7123.71D2B934F746480E57F71C65D340D90BF24A36F0&ipbits=0&key=yt6&initcwndbps=436250&sparams=aitags%2Cclen%2Cdur%2Cei%2Cgir%2Cid%2Cinitcwndbps%2Cip%2Cipbits%2Citag%2Ckeepalive%2Clmt%2Cmime%2Cmm%2Cmn%2Cms%2Cmv%2Cpl%2Crequiressl%2Csource%2Cexpire&aitags=133%2C134%2C135%2C136%2C137%2C160%2C242%2C243%2C244%2C247%2C248%2C278&lmt=1456225769937712&clen=4590601&expire=1515595351&ip=14.139.155.24&gir=yes&source=youtube&mm=31&mn=sn-o3o-itql&mt=1515573641&mv=m&pl=19&id=o-ANo3Iwa-_0Y7BsJuRuBTcgiukxuzewD5MPVm8Va3NOsE&ei=9tFVWuf1OsOQoQOy-YXwDg&ms=au&mime=video%2Fwebm&dur=117.280&requiressl=yes&itag=243&ratebypass=yes", "player_url": "/yts/jsbin/player-vflmAXHDE/en_US/base.js", "ext": "webm", "height": 360, "format_note": "360p", "vcodec": "vp9", "filesize": 4590601, "tbr": 416.339, "width": 640, "fps": 25, "acodec": "none", "format": "243 - 640x360 (360p)", "protocol": "https", "http_headers": {"User-Agent": "Mozilla/5.0 (X11; Linux x86_64; rv:10.0) Gecko/20150101 Firefox/47.0 (Chrome)", "Accept-Charset": "ISO-8859-1,utf-8;q=0.7,*;q=0.7", "Accept": "text/html,application/xhtml+xml,application/xml;q=0.9,*/*;q=0.8", "Accept-Encoding": "gzip, deflate", "Accept-Language": "en-us,en;q=0.5"}}, {"format_id": "135", "url": "https://r3---sn-o3o-itql.googlevideo.com/videoplayback?keepalive=yes&signature=996F22987F3A1C66BA39FAA81A765D0C9263E93F.A87302CB8171449C184B0727D5A5076CAFFC68F8&ipbits=0&key=yt6&initcwndbps=436250&sparams=aitags%2Cclen%2Cdur%2Cei%2Cgir%2Cid%2Cinitcwndbps%2Cip%2Cipbits%2Citag%2Ckeepalive%2Clmt%2Cmime%2Cmm%2Cmn%2Cms%2Cmv%2Cpl%2Crequiressl%2Csource%2Cexpire&aitags=133%2C134%2C135%2C136%2C137%2C160%2C242%2C243%2C244%2C247%2C248%2C278&lmt=1456399128816311&clen=8343501&expire=1515595351&ip=14.139.155.24&gir=yes&source=youtube&mm=31&mn=sn-o3o-itql&mt=1515573641&mv=m&pl=19&id=o-ANo3Iwa-_0Y7BsJuRuBTcgiukxuzewD5MPVm8Va3NOsE&ei=9tFVWuf1OsOQoQOy-YXwDg&ms=au&mime=video%2Fmp4&dur=117.320&requiressl=yes&itag=135&ratebypass=yes", "player_url": "/yts/jsbin/player-vflmAXHDE/en_US/base.js", "ext": "mp4", "height": 480, "format_note": "480p", "vcodec": "avc1.4d401e", "filesize": 8343501, "tbr": 717.889, "width": 854, "fps": 25, "acodec": "none", "format": "135 - 854x480 (480p)", "protocol": "https", "http_headers": {"User-Agent": "Mozilla/5.0 (X11; Linux x86_64; rv:10.0) Gecko/20150101 Firefox/47.0 (Chrome)", "Accept-Charset": "ISO-8859-1,utf-8;q=0.7,*;q=0.7", "Accept": "text/html,application/xhtml+xml,application/xml;q=0.9,*/*;q=0.8", "Accept-Encoding": "gzip, deflate", "Accept-Language": "en-us,en;q=0.5"}}, {"format_id": "244", "url": "https://r3---sn-o3o-itql.googlevideo.com/videoplayback?keepalive=yes&signature=E0AA7C3AFBC2A960FE0A38AF0B508E445FFE8A9A.BCA41042B5E9DE6478802078A562AA7BBEDAFF87&ipbits=0&key=yt6&initcwndbps=436250&sparams=aitags%2Cclen%2Cdur%2Cei%2Cgir%2Cid%2Cinitcwndbps%2Cip%2Cipbits%2Citag%2Ckeepalive%2Clmt%2Cmime%2Cmm%2Cmn%2Cms%2Cmv%2Cpl%2Crequiressl%2Csource%2Cexpire&aitags=133%2C134%2C135%2C136%2C137%2C160%2C242%2C243%2C244%2C247%2C248%2C278&lmt=1456225769888049&clen=7880293&expire=1515595351&ip=14.139.155.24&gir=yes&source=youtube&mm=31&mn=sn-o3o-itql&mt=1515573641&mv=m&pl=19&id=o-ANo3Iwa-_0Y7BsJuRuBTcgiukxuzewD5MPVm8Va3NOsE&ei=9tFVWuf1OsOQoQOy-YXwDg&ms=au&mime=video%2Fwebm&dur=117.280&requiressl=yes&itag=244&ratebypass=yes", "player_url": "/yts/jsbin/player-vflmAXHDE/en_US/base.js", "ext": "webm", "height": 480, "format_note": "480p", "vcodec": "vp9", "filesize": 7880293, "tbr": 739.971, "width": 854, "fps": 25, "acodec": "none", "format": "244 - 854x480 (480p)", "protocol": "https", "http_headers": {"User-Agent": "Mozilla/5.0 (X11; Linux x86_64; rv:10.0) Gecko/20150101 Firefox/47.0 (Chrome)", "Accept-Charset": "ISO-8859-1,utf-8;q=0.7,*;q=0.7", "Accept": "text/html,application/xhtml+xml,application/xml;q=0.9,*/*;q=0.8", "Accept-Encoding": "gzip, deflate", "Accept-Language": "en-us,en;q=0.5"}}, {"format_id": "136", "url": "https://r3---sn-o3o-itql.googlevideo.com/videoplayback?keepalive=yes&signature=27675AD29CAD989069F6AD25A60B53389A11C85C.88B6F729AEC9496D19040738EB9B7D4E055A173D&ipbits=0&key=yt6&initcwndbps=436250&sparams=aitags%2Cclen%2Cdur%2Cei%2Cgir%2Cid%2Cinitcwndbps%2Cip%2Cipbits%2Citag%2Ckeepalive%2Clmt%2Cmime%2Cmm%2Cmn%2Cms%2Cmv%2Cpl%2Crequiressl%2Csource%2Cexpire&aitags=133%2C134%2C135%2C136%2C137%2C160%2C242%2C243%2C244%2C247%2C248%2C278&lmt=1456399129295418&clen=16451148&expire=1515595351&ip=14.139.155.24&gir=yes&source=youtube&mm=31&mn=sn-o3o-itql&mt=1515573641&mv=m&pl=19&id=o-ANo3Iwa-_0Y7BsJuRuBTcgiukxuzewD5MPVm8Va3NOsE&ei=9tFVWuf1OsOQoQOy-YXwDg&ms=au&mime=video%2Fmp4&dur=117.320&requiressl=yes&itag=136&ratebypass=yes", "player_url": "/yts/jsbin/player-vflmAXHDE/en_US/base.js", "ext": "mp4", "height": 720, "format_note": "720p", "vcodec": "avc1.4d401f", "filesize": 16451148, "tbr": 1366.023, "width": 1280, "fps": 25, "acodec": "none", "format": "136 - 1280x720 (720p)", "protocol": "https", "http_headers": {"User-Agent": "Mozilla/5.0 (X11; Linux x86_64; rv:10.0) Gecko/20150101 Firefox/47.0 (Chrome)", "Accept-Charset": "ISO-8859-1,utf-8;q=0.7,*;q=0.7", "Accept": "text/html,application/xhtml+xml,application/xml;q=0.9,*/*;q=0.8", "Accept-Encoding": "gzip, deflate", "Accept-Language": "en-us,en;q=0.5"}}, {"format_id": "247", "url": "https://r3---sn-o3o-itql.googlevideo.com/videoplayback?keepalive=yes&signature=D4DB4FEF0FA252DC41750D33767FFFC3B62D1249.282C54897D9861E84615F361BE13D12F49E727F9&ipbits=0&key=yt6&initcwndbps=436250&sparams=aitags%2Cclen%2Cdur%2Cei%2Cgir%2Cid%2Cinitcwndbps%2Cip%2Cipbits%2Citag%2Ckeepalive%2Clmt%2Cmime%2Cmm%2Cmn%2Cms%2Cmv%2Cpl%2Crequiressl%2Csource%2Cexpire&aitags=133%2C134%2C135%2C136%2C137%2C160%2C242%2C243%2C244%2C247%2C248%2C278&lmt=1456225769975356&clen=16766669&expire=1515595351&ip=14.139.155.24&gir=yes&source=youtube&mm=31&mn=sn-o3o-itql&mt=1515573641&mv=m&pl=19&id=o-ANo3Iwa-_0Y7BsJuRuBTcgiukxuzewD5MPVm8Va3NOsE&ei=9tFVWuf1OsOQoQOy-YXwDg&ms=au&mime=video%2Fwebm&dur=117.280&requiressl=yes&itag=247&ratebypass=yes", "player_url": "/yts/jsbin/player-vflmAXHDE/en_US/base.js", "ext": "webm", "height": 720, "format_note": "720p", "vcodec": "vp9", "filesize": 16766669, "tbr": 1483.496, "width": 1280, "fps": 25, "acodec": "none", "format": "247 - 1280x720 (720p)", "protocol": "https", "http_headers": {"User-Agent": "Mozilla/5.0 (X11; Linux x86_64; rv:10.0) Gecko/20150101 Firefox/47.0 (Chrome)", "Accept-Charset": "ISO-8859-1,utf-8;q=0.7,*;q=0.7", "Accept": "text/html,application/xhtml+xml,application/xml;q=0.9,*/*;q=0.8", "Accept-Encoding": "gzip, deflate", "Accept-Language": "en-us,en;q=0.5"}}, {"format_id": "137", "url": "https://r3---sn-o3o-itql.googlevideo.com/videoplayback?keepalive=yes&signature=B409A267F0E0A43DFBD4981B115396AEEBED8CDE.67BB31B4EDBDAD8F9E0815864D1E10CCC21B9DEA&ipbits=0&key=yt6&initcwndbps=436250&sparams=aitags%2Cclen%2Cdur%2Cei%2Cgir%2Cid%2Cinitcwndbps%2Cip%2Cipbits%2Citag%2Ckeepalive%2Clmt%2Cmime%2Cmm%2Cmn%2Cms%2Cmv%2Cpl%2Crequiressl%2Csource%2Cexpire&aitags=133%2C134%2C135%2C136%2C137%2C160%2C242%2C243%2C244%2C247%2C248%2C278&lmt=1456399255202252&clen=30688460&expire=1515595351&ip=14.139.155.24&gir=yes&source=youtube&mm=31&mn=sn-o3o-itql&mt=1515573641&mv=m&pl=19&id=o-ANo3Iwa-_0Y7BsJuRuBTcgiukxuzewD5MPVm8Va3NOsE&ei=9tFVWuf1OsOQoQOy-YXwDg&ms=au&mime=video%2Fmp4&dur=117.320&requiressl=yes&itag=137&ratebypass=yes", "player_url": "/yts/jsbin/player-vflmAXHDE/en_US/base.js", "ext": "mp4", "height": 1080, "format_note": "1080p", "vcodec": "avc1.640028", "filesize": 30688460, "tbr": 2444.109, "width": 1920, "fps": 25, "acodec": "none", "format": "137 - 1920x1080 (1080p)", "protocol": "https", "http_headers": {"User-Agent": "Mozilla/5.0 (X11; Linux x86_64; rv:10.0) Gecko/20150101 Firefox/47.0 (Chrome)", "Accept-Charset": "ISO-8859-1,utf-8;q=0.7,*;q=0.7", "Accept": "text/html,application/xhtml+xml,application/xml;q=0.9,*/*;q=0.8", "Accept-Encoding": "gzip, deflate", "Accept-Language": "en-us,en;q=0.5"}}, {"format_id": "248", "url": "https://r3---sn-o3o-itql.googlevideo.com/videoplayback?keepalive=yes&signature=0500801AC2554A087F6F3F44CDBCF8639D6199CA.29EB992035B958355466032A05C65D2F12C6DC57&ipbits=0&key=yt6&initcwndbps=436250&sparams=aitags%2Cclen%2Cdur%2Cei%2Cgir%2Cid%2Cinitcwndbps%2Cip%2Cipbits%2Citag%2Ckeepalive%2Clmt%2Cmime%2Cmm%2Cmn%2Cms%2Cmv%2Cpl%2Crequiressl%2Csource%2Cexpire&aitags=133%2C134%2C135%2C136%2C137%2C160%2C242%2C243%2C244%2C247%2C248%2C278&lmt=1456225945749532&clen=32929726&expire=1515595351&ip=14.139.155.24&gir=yes&source=youtube&mm=31&mn=sn-o3o-itql&mt=1515573641&mv=m&pl=19&id=o-ANo3Iwa-_0Y7BsJuRuBTcgiukxuzewD5MPVm8Va3NOsE&ei=9tFVWuf1OsOQoQOy-YXwDg&ms=au&mime=video%2Fwebm&dur=117.280&requiressl=yes&itag=248&ratebypass=yes", "player_url": "/yts/jsbin/player-vflmAXHDE/en_US/base.js", "ext": "webm", "height": 1080, "format_note": "1080p", "vcodec": "vp9", "filesize": 32929726, "tbr": 2732.587, "width": 1920, "fps": 25, "acodec": "none", "format": "248 - 1920x1080 (1080p)", "protocol": "https", "http_headers": {"User-Agent": "Mozilla/5.0 (X11; Linux x86_64; rv:10.0) Gecko/20150101 Firefox/47.0 (Chrome)", "Accept-Charset": "ISO-8859-1,utf-8;q=0.7,*;q=0.7", "Accept": "text/html,application/xhtml+xml,application/xml;q=0.9,*/*;q=0.8", "Accept-Encoding": "gzip, deflate", "Accept-Language": "en-us,en;q=0.5"}}, {"format_id": "17", "url": "https://r3---sn-o3o-itql.googlevideo.com/videoplayback?ipbits=0&signature=9958C03B1ED11EF20EBF75E6B0DD09066CAB07DF.4469F5491A2C50F811AC0BE9FD53FF7F104D2EBF&key=yt6&initcwndbps=436250&sparams=clen%2Cdur%2Cei%2Cgir%2Cid%2Cinitcwndbps%2Cip%2Cipbits%2Citag%2Clmt%2Cmime%2Cmm%2Cmn%2Cms%2Cmv%2Cpl%2Crequiressl%2Csource%2Cexpire&lmt=1456225085528304&clen=1181069&expire=1515595351&ip=14.139.155.24&gir=yes&source=youtube&mm=31&mn=sn-o3o-itql&mt=1515573641&mv=m&pl=19&id=o-ANo3Iwa-_0Y7BsJuRuBTcgiukxuzewD5MPVm8Va3NOsE&ei=9tFVWuf1OsOQoQOy-YXwDg&ms=au&mime=video%2F3gpp&dur=117.446&requiressl=yes&itag=17&ratebypass=yes", "player_url": "/yts/jsbin/player-vflmAXHDE/en_US/base.js", "ext": "3gp", "width": 176, "height": 144, "acodec": "mp4a.40.2", "abr": 24, "vcodec": "mp4v.20.3", "resolution": "176x144", "format_note": "small", "format": "17 - 176x144 (small)", "protocol": "https", "http_headers": {"User-Agent": "Mozilla/5.0 (X11; Linux x86_64; rv:10.0) Gecko/20150101 Firefox/47.0 (Chrome)", "Accept-Charset": "ISO-8859-1,utf-8;q=0.7,*;q=0.7", "Accept": "text/html,application/xhtml+xml,application/xml;q=0.9,*/*;q=0.8", "Accept-Encoding": "gzip, deflate", "Accept-Language": "en-us,en;q=0.5"}}, {"format_id": "36", "url": "https://r3---sn-o3o-itql.googlevideo.com/videoplayback?ipbits=0&signature=A3C212A8943D3BF9C93C3A69883A38A93D488D01.5187A7342F731AADE5306F6CAE61B7CC09BFF045&key=yt6&initcwndbps=436250&sparams=clen%2Cdur%2Cei%2Cgir%2Cid%2Cinitcwndbps%2Cip%2Cipbits%2Citag%2Clmt%2Cmime%2Cmm%2Cmn%2Cms%2Cmv%2Cpl%2Crequiressl%2Csource%2Cexpire&lmt=1456225082720251&clen=3193352&expire=1515595351&ip=14.139.155.24&gir=yes&source=youtube&mm=31&mn=sn-o3o-itql&mt=1515573641&mv=m&pl=19&id=o-ANo3Iwa-_0Y7BsJuRuBTcgiukxuzewD5MPVm8Va3NOsE&ei=9tFVWuf1OsOQoQOy-YXwDg&ms=au&mime=video%2F3gpp&dur=117.446&requiressl=yes&itag=36&ratebypass=yes", "player_url": "/yts/jsbin/player-vflmAXHDE/en_US/base.js", "ext": "3gp", "width": 320, "acodec": "mp4a.40.2", "vcodec": "mp4v.20.3", "resolution": "320x180", "height": 180, "format_note": "small", "format": "36 - 320x180 (small)", "protocol": "https", "http_headers": {"User-Agent": "Mozilla/5.0 (X11; Linux x86_64; rv:10.0) Gecko/20150101 Firefox/47.0 (Chrome)", "Accept-Charset": "ISO-8859-1,utf-8;q=0.7,*;q=0.7", "Accept": "text/html,application/xhtml+xml,application/xml;q=0.9,*/*;q=0.8", "Accept-Encoding": "gzip, deflate", "Accept-Language": "en-us,en;q=0.5"}}, {"format_id": "43", "url": "https://r3---sn-o3o-itql.googlevideo.com/videoplayback?ipbits=0&signature=B64CF3B4DFAA9CD6BC70A19D28765E0925DB4636.BEB1884B9C170481D0607DA13D4DD89F390A4499&key=yt6&initcwndbps=436250&sparams=clen%2Cdur%2Cei%2Cgir%2Cid%2Cinitcwndbps%2Cip%2Cipbits%2Citag%2Clmt%2Cmime%2Cmm%2Cmn%2Cms%2Cmv%2Cpl%2Cratebypass%2Crequiressl%2Csource%2Cexpire&lmt=1456225603696317&clen=10942071&expire=1515595351&ip=14.139.155.24&gir=yes&ratebypass=yes&source=youtube&mm=31&mn=sn-o3o-itql&mt=1515573641&mv=m&pl=19&id=o-ANo3Iwa-_0Y7BsJuRuBTcgiukxuzewD5MPVm8Va3NOsE&ei=9tFVWuf1OsOQoQOy-YXwDg&ms=au&mime=video%2Fwebm&dur=0.000&requiressl=yes&itag=43", "player_url": "/yts/jsbin/player-vflmAXHDE/en_US/base.js", "ext": "webm", "width": 640, "height": 360, "acodec": "vorbis", "abr": 128, "vcodec": "vp8.0", "resolution": "640x360", "format_note": "medium", "format": "43 - 640x360 (medium)", "protocol": "https", "http_headers": {"User-Agent": "Mozilla/5.0 (X11; Linux x86_64; rv:10.0) Gecko/20150101 Firefox/47.0 (Chrome)", "Accept-Charset": "ISO-8859-1,utf-8;q=0.7,*;q=0.7", "Accept": "text/html,application/xhtml+xml,application/xml;q=0.9,*/*;q=0.8", "Accept-Encoding": "gzip, deflate", "Accept-Language": "en-us,en;q=0.5"}}, {"format_id": "18", "url": "https://r3---sn-o3o-itql.googlevideo.com/videoplayback?ipbits=0&signature=ABDE72EC191E79D0A447FE19DAE1FC77C718A001.9B0F5EA802168A42CB9F4250584894A8D6CDB97A&key=yt6&initcwndbps=436250&sparams=clen%2Cdur%2Cei%2Cgir%2Cid%2Cinitcwndbps%2Cip%2Cipbits%2Citag%2Clmt%2Cmime%2Cmm%2Cmn%2Cms%2Cmv%2Cpl%2Cratebypass%2Crequiressl%2Csource%2Cexpire&lmt=1456399084082129&clen=7835291&expire=1515595351&ip=14.139.155.24&gir=yes&ratebypass=yes&source=youtube&mm=31&mn=sn-o3o-itql&mt=1515573641&mv=m&pl=19&id=o-ANo3Iwa-_0Y7BsJuRuBTcgiukxuzewD5MPVm8Va3NOsE&ei=9tFVWuf1OsOQoQOy-YXwDg&ms=au&mime=video%2Fmp4&dur=117.376&requiressl=yes&itag=18", "player_url": "/yts/jsbin/player-vflmAXHDE/en_US/base.js", "ext": "mp4", "width": 640, "height": 360, "acodec": "mp4a.40.2", "abr": 96, "vcodec": "avc1.42001E", "resolution": "640x360", "format_note": "medium", "format": "18 - 640x360 (medium)", "protocol": "https", "http_headers": {"User-Agent": "Mozilla/5.0 (X11; Linux x86_64; rv:10.0) Gecko/20150101 Firefox/47.0 (Chrome)", "Accept-Charset": "ISO-8859-1,utf-8;q=0.7,*;q=0.7", "Accept": "text/html,application/xhtml+xml,application/xml;q=0.9,*/*;q=0.8", "Accept-Encoding": "gzip, deflate", "Accept-Language": "en-us,en;q=0.5"}}, {"format_id": "22", "url": "https://r3---sn-o3o-itql.googlevideo.com/videoplayback?ip=14.139.155.24&ipbits=0&ratebypass=yes&key=yt6&source=youtube&mm=31&mn=sn-o3o-itql&mt=1515573641&mv=m&pl=19&id=o-ANo3Iwa-_0Y7BsJuRuBTcgiukxuzewD5MPVm8Va3NOsE&ei=9tFVWuf1OsOQoQOy-YXwDg&ms=au&signature=29635DDF96B83AD9846E3AB21CEBA449E1AEE770.5AF7C4F39A01D25A43D6FB66B539FB7F48DE94FA&mime=video%2Fmp4&initcwndbps=436250&dur=117.376&sparams=dur%2Cei%2Cid%2Cinitcwndbps%2Cip%2Cipbits%2Citag%2Clmt%2Cmime%2Cmm%2Cmn%2Cms%2Cmv%2Cpl%2Cratebypass%2Crequiressl%2Csource%2Cexpire&requiressl=yes&itag=22&lmt=1471197841137330&expire=1515595351", "player_url": "/yts/jsbin/player-vflmAXHDE/en_US/base.js", "ext": "mp4", "width": 1280, "height": 720, "acodec": "mp4a.40.2", "abr": 192, "vcodec": "avc1.64001F", "resolution": "1280x720", "format_note": "hd720", "format": "22 - 1280x720 (hd720)", "protocol": "https", "http_headers": {"User-Agent": "Mozilla/5.0 (X11; Linux x86_64; rv:10.0) Gecko/20150101 Firefox/47.0 (Chrome)", "Accept-Charset": "ISO-8859-1,utf-8;q=0.7,*;q=0.7", "Accept": "text/html,application/xhtml+xml,application/xml;q=0.9,*/*;q=0.8", "Accept-Encoding": "gzip, deflate", "Accept-Language": "en-us,en;q=0.5"}}], "is_live": null, "start_time": null, "end_time": null, "series": null, "season_number": null, "episode_number": null, "extractor": "youtube", "webpage_url_basename": "watch", "extractor_key": "Youtube", "playlist": null, "playlist_index": null, "thumbnails": [{"url": "https://i.ytimg.com/vi/XtiYlNM9jRc/maxresdefault.jpg", "id": "0"}], "display_id": "XtiYlNM9jRc", "format_id": "22", "url": "https://r3---sn-o3o-itql.googlevideo.com/videoplayback?ip=14.139.155.24&ipbits=0&ratebypass=yes&key=yt6&source=youtube&mm=31&mn=sn-o3o-itql&mt=1515573641&mv=m&pl=19&id=o-ANo3Iwa-_0Y7BsJuRuBTcgiukxuzewD5MPVm8Va3NOsE&ei=9tFVWuf1OsOQoQOy-YXwDg&ms=au&signature=29635DDF96B83AD9846E3AB21CEBA449E1AEE770.5AF7C4F39A01D25A43D6FB66B539FB7F48DE94FA&mime=video%2Fmp4&initcwndbps=436250&dur=117.376&sparams=dur%2Cei%2Cid%2Cinitcwndbps%2Cip%2Cipbits%2Citag%2Clmt%2Cmime%2Cmm%2Cmn%2Cms%2Cmv%2Cpl%2Cratebypass%2Crequiressl%2Csource%2Cexpire&requiressl=yes&itag=22&lmt=1471197841137330&expire=1515595351", "player_url": "/yts/jsbin/player-vflmAXHDE/en_US/base.js", "ext": "mp4", "width": 1280, "height": 720, "acodec": "mp4a.40.2", "abr": 192, "vcodec": "avc1.64001F", "resolution": "1280x720", "format_note": "hd720", "format": "22 - 1280x720 (hd720)", "protocol": "https", "http_headers": {"User-Agent": "Mozilla/5.0 (X11; Linux x86_64; rv:10.0) Gecko/20150101 Firefox/47.0 (Chrome)", "Accept-Charset": "ISO-8859-1,utf-8;q=0.7,*;q=0.7", "Accept": "text/html,application/xhtml+xml,application/xml;q=0.9,*/*;q=0.8", "Accept-Encoding": "gzip, deflate", "Accept-Language": "en-us,en;q=0.5"}, "fulltitle": "Shiva Untold: Yogi, not a Philosopher", "_filename": "/home/dalonlobo/deepspeech_models/asr/tmp/Videos/XtiYlNM9jRc/XtiYlNM9jRc.mp4"}